smile,value_min,value_max,value_mean,testTemperature,testfrequency,labled
[H]c1cccc(Oc2cccc(Oc3cccc(Oc4cccc(Oc5cccc(N6C(=O)c7ccc(Oc8ccc9c(c8)C(=O)N([H])C9=O)cc7C6=O)c5)c4C#N)c3C#N)c2C#N)c1,0.003077799466604848,0.003077799466604848,0.003077799466604848,50,7.0,1
[H]c1cccc(Oc2cccc(Oc3cccc(Oc4cccc(Oc5cccc(N6C(=O)c7ccc(Oc8ccc9c(c8)C(=O)N([H])C9=O)cc7C6=O)c5)c4C#N)c3C#N)c2C#N)c1,0.0022146054572783247,0.0022146054572783247,0.0022146054572783247,50,7.698970004336019,1
[H]c1cccc(Oc2cccc(Oc3cccc(Oc4cccc(Oc5cccc(N6C(=O)c7ccc(Oc8ccc9c(c8)C(=O)N([H])C9=O)cc7C6=O)c5)c4C#N)c3C#N)c2C#N)c1,0.001593501173867186,0.001593501173867186,0.001593501173867186,50,8.397940008672037,1
[H]c1cccc(Oc2cccc(Oc3cccc(Oc4cccc(Oc5cccc(N6C(=O)c7ccc(Oc8ccc9c(c8)C(=O)N([H])C9=O)cc7C6=O)c5)c4C#N)c3C#N)c2C#N)c1,0.0011465906737355628,0.0011465906737355628,0.0011465906737355628,50,9.096910013008056,1
[H]c1cccc(Oc2cccc(Oc3cccc(Oc4cccc(Oc5cccc(N6C(=O)c7ccc(Oc8ccc9c(c8)C(=O)N([H])C9=O)cc7C6=O)c5)c4C#N)c3C#N)c2C#N)c1,0.0008250198944181219,0.0008250198944181219,0.0008250198944181219,50,9.795880017344075,1
[H]c1cccc(Oc2cccc(Oc3cccc(Oc4cccc(Oc5cccc(N6C(=O)c7ccc(Oc8ccc9c(c8)C(=O)N([H])C9=O)cc7C6=O)c5)c4C#N)c3C#N)c2C#N)c1,0.0005936362831821045,0.0005936362831821045,0.0005936362831821045,50,10.494850021680094,1
[H]c1cccc(Oc2cccc(Oc3cccc(Oc4cccc(Oc5cccc(N6C(=O)c7ccc(Oc8ccc9c(c8)C(=O)N([H])C9=O)cc7C6=O)c5)c4C#N)c3C#N)c2C#N)c1,0.00042714610770440767,0.00042714610770440767,0.00042714610770440767,50,11.193820026016112,1
[H]c1cccc(Oc2cccc(Oc3cccc(Oc4cccc(Oc5cccc(N6C(=O)c7ccc(Oc8ccc9c(c8)C(=O)N([H])C9=O)cc7C6=O)c5)c4C#N)c3C#N)c2C#N)c1,0.00030734947053069546,0.00030734947053069546,0.00030734947053069546,50,11.892790030352131,1
[H]c1cccc(Oc2cccc(Oc3cccc(Oc4cccc(Oc5cccc(N6C(=O)c7ccc(Oc8ccc9c(c8)C(=O)N([H])C9=O)cc7C6=O)c5)c4C#N)c3C#N)c2C#N)c1,0.007491968500941474,0.007491968500941474,0.007491968500941474,100,7.0,1
[H]c1cccc(Oc2cccc(Oc3cccc(Oc4cccc(Oc5cccc(N6C(=O)c7ccc(Oc8ccc9c(c8)C(=O)N([H])C9=O)cc7C6=O)c5)c4C#N)c3C#N)c2C#N)c1,0.005321892639849514,0.005321892639849514,0.005321892639849514,100,7.698970004336019,1
[H]c1cccc(Oc2cccc(Oc3cccc(Oc4cccc(Oc5cccc(N6C(=O)c7ccc(Oc8ccc9c(c8)C(=O)N([H])C9=O)cc7C6=O)c5)c4C#N)c3C#N)c2C#N)c1,0.003780383442442057,0.003780383442442057,0.003780383442442057,100,8.397940008672037,1
[H]c1cccc(Oc2cccc(Oc3cccc(Oc4cccc(Oc5cccc(N6C(=O)c7ccc(Oc8ccc9c(c8)C(=O)N([H])C9=O)cc7C6=O)c5)c4C#N)c3C#N)c2C#N)c1,0.002685378378974631,0.002685378378974631,0.002685378378974631,100,9.096910013008056,1
[H]c1cccc(Oc2cccc(Oc3cccc(Oc4cccc(Oc5cccc(N6C(=O)c7ccc(Oc8ccc9c(c8)C(=O)N([H])C9=O)cc7C6=O)c5)c4C#N)c3C#N)c2C#N)c1,0.0019075463358586738,0.0019075463358586738,0.0019075463358586738,100,9.795880017344075,1
[H]c1cccc(Oc2cccc(Oc3cccc(Oc4cccc(Oc5cccc(N6C(=O)c7ccc(Oc8ccc9c(c8)C(=O)N([H])C9=O)cc7C6=O)c5)c4C#N)c3C#N)c2C#N)c1,0.0013550168548360697,0.0013550168548360697,0.0013550168548360697,100,10.494850021680094,1
[H]c1cccc(Oc2cccc(Oc3cccc(Oc4cccc(Oc5cccc(N6C(=O)c7ccc(Oc8ccc9c(c8)C(=O)N([H])C9=O)cc7C6=O)c5)c4C#N)c3C#N)c2C#N)c1,0.0009625300496716585,0.0009625300496716585,0.0009625300496716585,100,11.193820026016112,1
[H]c1cccc(Oc2cccc(Oc3cccc(Oc4cccc(Oc5cccc(N6C(=O)c7ccc(Oc8ccc9c(c8)C(=O)N([H])C9=O)cc7C6=O)c5)c4C#N)c3C#N)c2C#N)c1,0.0006837288349985061,0.0006837288349985061,0.0006837288349985061,100,11.892790030352131,1
[H]c1cccc(Oc2cccc(Oc3cccc(Oc4cccc(Oc5cccc(N6C(=O)c7ccc(Oc8ccc9c(c8)C(=O)N([H])C9=O)cc7C6=O)c5)c4C#N)c3C#N)c2C#N)c1,0.02133048956489594,0.02133048956489594,0.02133048956489594,150,7.0,1
[H]c1cccc(Oc2cccc(Oc3cccc(Oc4cccc(Oc5cccc(N6C(=O)c7ccc(Oc8ccc9c(c8)C(=O)N([H])C9=O)cc7C6=O)c5)c4C#N)c3C#N)c2C#N)c1,0.016099536728464123,0.016099536728464123,0.016099536728464123,150,7.698970004336019,1
[H]c1cccc(Oc2cccc(Oc3cccc(Oc4cccc(Oc5cccc(N6C(=O)c7ccc(Oc8ccc9c(c8)C(=O)N([H])C9=O)cc7C6=O)c5)c4C#N)c3C#N)c2C#N)c1,0.012151388456552904,0.012151388456552904,0.012151388456552904,150,8.397940008672037,1
[H]c1cccc(Oc2cccc(Oc3cccc(Oc4cccc(Oc5cccc(N6C(=O)c7ccc(Oc8ccc9c(c8)C(=O)N([H])C9=O)cc7C6=O)c5)c4C#N)c3C#N)c2C#N)c1,0.00917145889592096,0.00917145889592096,0.00917145889592096,150,9.096910013008056,1
[H]c1cccc(Oc2cccc(Oc3cccc(Oc4cccc(Oc5cccc(N6C(=O)c7ccc(Oc8ccc9c(c8)C(=O)N([H])C9=O)cc7C6=O)c5)c4C#N)c3C#N)c2C#N)c1,0.006922308371925643,0.006922308371925643,0.006922308371925643,150,9.795880017344075,1
[H]c1cccc(Oc2cccc(Oc3cccc(Oc4cccc(Oc5cccc(N6C(=O)c7ccc(Oc8ccc9c(c8)C(=O)N([H])C9=O)cc7C6=O)c5)c4C#N)c3C#N)c2C#N)c1,0.0052247252823023164,0.0052247252823023164,0.0052247252823023164,150,10.494850021680094,1
[H]c1cccc(Oc2cccc(Oc3cccc(Oc4cccc(Oc5cccc(N6C(=O)c7ccc(Oc8ccc9c(c8)C(=O)N([H])C9=O)cc7C6=O)c5)c4C#N)c3C#N)c2C#N)c1,0.003943446724097406,0.003943446724097406,0.003943446724097406,150,11.193820026016112,1
[H]c1cccc(Oc2cccc(Oc3cccc(Oc4cccc(Oc5cccc(N6C(=O)c7ccc(Oc8ccc9c(c8)C(=O)N([H])C9=O)cc7C6=O)c5)c4C#N)c3C#N)c2C#N)c1,0.002976380809555708,0.002976380809555708,0.002976380809555708,150,11.892790030352131,1
[H]c1cccc(Oc2cccc(Oc3cccc(Oc4cccc(Oc5cccc(N6C(=O)c7ccc(C(c8ccc9c(c8)C(=O)N([H])C9=O)(C(F)(F)F)C(F)(F)F)cc7C6=O)c5)c4C#N)c3C#N)c2C#N)c1,0.00359407390649825,0.00359407390649825,0.00359407390649825,100,7.0,1
[H]c1cccc(Oc2cccc(Oc3cccc(Oc4cccc(Oc5cccc(N6C(=O)c7ccc(C(c8ccc9c(c8)C(=O)N([H])C9=O)(C(F)(F)F)C(F)(F)F)cc7C6=O)c5)c4C#N)c3C#N)c2C#N)c1,0.0024814455764472646,0.0024814455764472646,0.0024814455764472646,100,7.698970004336019,1
[H]c1cccc(Oc2cccc(Oc3cccc(Oc4cccc(Oc5cccc(N6C(=O)c7ccc(C(c8ccc9c(c8)C(=O)N([H])C9=O)(C(F)(F)F)C(F)(F)F)cc7C6=O)c5)c4C#N)c3C#N)c2C#N)c1,0.0017132568659321142,0.0017132568659321142,0.0017132568659321142,100,8.397940008672037,1
[H]c1cccc(Oc2cccc(Oc3cccc(Oc4cccc(Oc5cccc(N6C(=O)c7ccc(C(c8ccc9c(c8)C(=O)N([H])C9=O)(C(F)(F)F)C(F)(F)F)cc7C6=O)c5)c4C#N)c3C#N)c2C#N)c1,0.0011828786748235493,0.0011828786748235493,0.0011828786748235493,100,9.096910013008056,1
[H]c1cccc(Oc2cccc(Oc3cccc(Oc4cccc(Oc5cccc(N6C(=O)c7ccc(C(c8ccc9c(c8)C(=O)N([H])C9=O)(C(F)(F)F)C(F)(F)F)cc7C6=O)c5)c4C#N)c3C#N)c2C#N)c1,0.0008166912877903994,0.0008166912877903994,0.0008166912877903994,100,9.795880017344075,1
[H]c1cccc(Oc2cccc(Oc3cccc(Oc4cccc(Oc5cccc(N6C(=O)c7ccc(C(c8ccc9c(c8)C(=O)N([H])C9=O)(C(F)(F)F)C(F)(F)F)cc7C6=O)c5)c4C#N)c3C#N)c2C#N)c1,0.0005638656554082346,0.0005638656554082346,0.0005638656554082346,100,10.494850021680094,1
[H]c1cccc(Oc2cccc(Oc3cccc(Oc4cccc(Oc5cccc(N6C(=O)c7ccc(C(c8ccc9c(c8)C(=O)N([H])C9=O)(C(F)(F)F)C(F)(F)F)cc7C6=O)c5)c4C#N)c3C#N)c2C#N)c1,0.0003893080311657315,0.0003893080311657315,0.0003893080311657315,100,11.193820026016112,1
[H]c1cccc(Oc2cccc(Oc3cccc(Oc4cccc(Oc5cccc(N6C(=O)c7ccc(C(c8ccc9c(c8)C(=O)N([H])C9=O)(C(F)(F)F)C(F)(F)F)cc7C6=O)c5)c4C#N)c3C#N)c2C#N)c1,0.00026878874723738525,0.00026878874723738525,0.00026878874723738525,100,11.892790030352131,1
[H]c1cccc(Oc2cccc(Oc3cccc(Oc4cccc(Oc5cccc(N6C(=O)c7ccc(C(c8ccc9c(c8)C(=O)N([H])C9=O)(C(F)(F)F)C(F)(F)F)cc7C6=O)c5)c4C#N)c3C#N)c2C#N)c1,0.007358448944513326,0.007358448944513326,0.007358448944513326,150,7.0,1
[H]c1cccc(Oc2cccc(Oc3cccc(Oc4cccc(Oc5cccc(N6C(=O)c7ccc(C(c8ccc9c(c8)C(=O)N([H])C9=O)(C(F)(F)F)C(F)(F)F)cc7C6=O)c5)c4C#N)c3C#N)c2C#N)c1,0.0050034785483969975,0.0050034785483969975,0.0050034785483969975,150,7.698970004336019,1
[H]c1cccc(Oc2cccc(Oc3cccc(Oc4cccc(Oc5cccc(N6C(=O)c7ccc(C(c8ccc9c(c8)C(=O)N([H])C9=O)(C(F)(F)F)C(F)(F)F)cc7C6=O)c5)c4C#N)c3C#N)c2C#N)c1,0.0034021837766774594,0.0034021837766774594,0.0034021837766774594,150,8.397940008672037,1
[H]c1cccc(Oc2cccc(Oc3cccc(Oc4cccc(Oc5cccc(N6C(=O)c7ccc(C(c8ccc9c(c8)C(=O)N([H])C9=O)(C(F)(F)F)C(F)(F)F)cc7C6=O)c5)c4C#N)c3C#N)c2C#N)c1,0.0023133614258041973,0.0023133614258041973,0.0023133614258041973,150,9.096910013008056,1
[H]c1cccc(Oc2cccc(Oc3cccc(Oc4cccc(Oc5cccc(N6C(=O)c7ccc(C(c8ccc9c(c8)C(=O)N([H])C9=O)(C(F)(F)F)C(F)(F)F)cc7C6=O)c5)c4C#N)c3C#N)c2C#N)c1,0.001573001760308736,0.001573001760308736,0.001573001760308736,150,9.795880017344075,1
[H]c1cccc(Oc2cccc(Oc3cccc(Oc4cccc(Oc5cccc(N6C(=O)c7ccc(C(c8ccc9c(c8)C(=O)N([H])C9=O)(C(F)(F)F)C(F)(F)F)cc7C6=O)c5)c4C#N)c3C#N)c2C#N)c1,0.0010695840731076095,0.0010695840731076095,0.0010695840731076095,150,10.494850021680094,1
[H]c1cccc(Oc2cccc(Oc3cccc(Oc4cccc(Oc5cccc(N6C(=O)c7ccc(C(c8ccc9c(c8)C(=O)N([H])C9=O)(C(F)(F)F)C(F)(F)F)cc7C6=O)c5)c4C#N)c3C#N)c2C#N)c1,0.0007272783274427794,0.0007272783274427794,0.0007272783274427794,150,11.193820026016112,1
[H]c1cccc(Oc2cccc(Oc3cccc(Oc4cccc(Oc5cccc(N6C(=O)c7ccc(C(c8ccc9c(c8)C(=O)N([H])C9=O)(C(F)(F)F)C(F)(F)F)cc7C6=O)c5)c4C#N)c3C#N)c2C#N)c1,0.0004945228513153773,0.0004945228513153773,0.0004945228513153773,150,11.892790030352131,1
[H]c1cccc(Oc2cccc(Oc3cccc(Oc4cccc(Oc5cccc(N6C(=O)c7ccc(C(=O)c8ccc9c(c8)C(=O)N([H])C9=O)cc7C6=O)c5)c4C#N)c3C#N)c2C#N)c1,0.0012383869917723406,0.0012383869917723406,0.0012383869917723406,0,7.0,1
[H]c1cccc(Oc2cccc(Oc3cccc(Oc4cccc(Oc5cccc(N6C(=O)c7ccc(C(=O)c8ccc9c(c8)C(=O)N([H])C9=O)cc7C6=O)c5)c4C#N)c3C#N)c2C#N)c1,0.0009123024494517021,0.0009123024494517021,0.0009123024494517021,0,7.698970004336019,1
[H]c1cccc(Oc2cccc(Oc3cccc(Oc4cccc(Oc5cccc(N6C(=O)c7ccc(C(=O)c8ccc9c(c8)C(=O)N([H])C9=O)cc7C6=O)c5)c4C#N)c3C#N)c2C#N)c1,0.0006720804774361774,0.0006720804774361774,0.0006720804774361774,0,8.397940008672037,1
[H]c1cccc(Oc2cccc(Oc3cccc(Oc4cccc(Oc5cccc(N6C(=O)c7ccc(C(=O)c8ccc9c(c8)C(=O)N([H])C9=O)cc7C6=O)c5)c4C#N)c3C#N)c2C#N)c1,0.0004951122999102072,0.0004951122999102072,0.0004951122999102072,0,9.096910013008056,1
[H]c1cccc(Oc2cccc(Oc3cccc(Oc4cccc(Oc5cccc(N6C(=O)c7ccc(C(=O)c8ccc9c(c8)C(=O)N([H])C9=O)cc7C6=O)c5)c4C#N)c3C#N)c2C#N)c1,0.0003647423147936388,0.0003647423147936388,0.0003647423147936388,0,9.795880017344075,1
[H]c1cccc(Oc2cccc(Oc3cccc(Oc4cccc(Oc5cccc(N6C(=O)c7ccc(C(=O)c8ccc9c(c8)C(=O)N([H])C9=O)cc7C6=O)c5)c4C#N)c3C#N)c2C#N)c1,0.00026870056788287633,0.00026870056788287633,0.00026870056788287633,0,10.494850021680094,1
[H]c1cccc(Oc2cccc(Oc3cccc(Oc4cccc(Oc5cccc(N6C(=O)c7ccc(C(=O)c8ccc9c(c8)C(=O)N([H])C9=O)cc7C6=O)c5)c4C#N)c3C#N)c2C#N)c1,0.0001979479546157733,0.0001979479546157733,0.0001979479546157733,0,11.193820026016112,1
[H]c1cccc(Oc2cccc(Oc3cccc(Oc4cccc(Oc5cccc(N6C(=O)c7ccc(C(=O)c8ccc9c(c8)C(=O)N([H])C9=O)cc7C6=O)c5)c4C#N)c3C#N)c2C#N)c1,0.0001458254928328491,0.0001458254928328491,0.0001458254928328491,0,11.892790030352131,1
[H]c1cccc(Oc2cccc(Oc3cccc(Oc4cccc(Oc5cccc(N6C(=O)c7ccc(C(=O)c8ccc9c(c8)C(=O)N([H])C9=O)cc7C6=O)c5)c4C#N)c3C#N)c2C#N)c1,0.0017495785493672322,0.0017495785493672322,0.0017495785493672322,50,7.0,1
[H]c1cccc(Oc2cccc(Oc3cccc(Oc4cccc(Oc5cccc(N6C(=O)c7ccc(C(=O)c8ccc9c(c8)C(=O)N([H])C9=O)cc7C6=O)c5)c4C#N)c3C#N)c2C#N)c1,0.0012262313071865173,0.0012262313071865173,0.0012262313071865173,50,7.698970004336019,1
[H]c1cccc(Oc2cccc(Oc3cccc(Oc4cccc(Oc5cccc(N6C(=O)c7ccc(C(=O)c8ccc9c(c8)C(=O)N([H])C9=O)cc7C6=O)c5)c4C#N)c3C#N)c2C#N)c1,0.0008594316248391579,0.0008594316248391579,0.0008594316248391579,50,8.397940008672037,1
[H]c1cccc(Oc2cccc(Oc3cccc(Oc4cccc(Oc5cccc(N6C(=O)c7ccc(C(=O)c8ccc9c(c8)C(=O)N([H])C9=O)cc7C6=O)c5)c4C#N)c3C#N)c2C#N)c1,0.0006023518607502816,0.0006023518607502816,0.0006023518607502816,50,9.096910013008056,1
[H]c1cccc(Oc2cccc(Oc3cccc(Oc4cccc(Oc5cccc(N6C(=O)c7ccc(C(=O)c8ccc9c(c8)C(=O)N([H])C9=O)cc7C6=O)c5)c4C#N)c3C#N)c2C#N)c1,0.00042217176196375933,0.00042217176196375933,0.00042217176196375933,50,9.795880017344075,1
[H]c1cccc(Oc2cccc(Oc3cccc(Oc4cccc(Oc5cccc(N6C(=O)c7ccc(C(=O)c8ccc9c(c8)C(=O)N([H])C9=O)cc7C6=O)c5)c4C#N)c3C#N)c2C#N)c1,0.0002958885132331725,0.0002958885132331725,0.0002958885132331725,50,10.494850021680094,1
[H]c1cccc(Oc2cccc(Oc3cccc(Oc4cccc(Oc5cccc(N6C(=O)c7ccc(C(=O)c8ccc9c(c8)C(=O)N([H])C9=O)cc7C6=O)c5)c4C#N)c3C#N)c2C#N)c1,0.00020738007641329763,0.00020738007641329763,0.00020738007641329763,50,11.193820026016112,1
[H]c1cccc(Oc2cccc(Oc3cccc(Oc4cccc(Oc5cccc(N6C(=O)c7ccc(C(=O)c8ccc9c(c8)C(=O)N([H])C9=O)cc7C6=O)c5)c4C#N)c3C#N)c2C#N)c1,0.00014534696065924063,0.00014534696065924063,0.00014534696065924063,50,11.892790030352131,1
[H]c1cccc(Oc2cccc(Oc3cccc(Oc4cccc(Oc5cccc(N6C(=O)c7ccc(C(=O)c8ccc9c(c8)C(=O)N([H])C9=O)cc7C6=O)c5)c4C#N)c3C#N)c2C#N)c1,0.005350294209327059,0.005350294209327059,0.005350294209327059,150,7.0,1
[H]c1cccc(Oc2cccc(Oc3cccc(Oc4cccc(Oc5cccc(N6C(=O)c7ccc(C(=O)c8ccc9c(c8)C(=O)N([H])C9=O)cc7C6=O)c5)c4C#N)c3C#N)c2C#N)c1,0.003129210305845148,0.003129210305845148,0.003129210305845148,150,7.698970004336019,1
[H]c1cccc(Oc2cccc(Oc3cccc(Oc4cccc(Oc5cccc(N6C(=O)c7ccc(C(=O)c8ccc9c(c8)C(=O)N([H])C9=O)cc7C6=O)c5)c4C#N)c3C#N)c2C#N)c1,0.0018262576669937469,0.0018262576669937469,0.0018262576669937469,150,8.397940008672037,1
[H]c1cccc(Oc2cccc(Oc3cccc(Oc4cccc(Oc5cccc(N6C(=O)c7ccc(C(=O)c8ccc9c(c8)C(=O)N([H])C9=O)cc7C6=O)c5)c4C#N)c3C#N)c2C#N)c1,0.0010645994433512254,0.0010645994433512254,0.0010645994433512254,150,9.096910013008056,1
[H]c1cccc(Oc2cccc(Oc3cccc(Oc4cccc(Oc5cccc(N6C(=O)c7ccc(C(=O)c8ccc9c(c8)C(=O)N([H])C9=O)cc7C6=O)c5)c4C#N)c3C#N)c2C#N)c1,0.0006202094600892601,0.0006202094600892601,0.0006202094600892601,150,9.795880017344075,1
[H]c1cccc(Oc2cccc(Oc3cccc(Oc4cccc(Oc5cccc(N6C(=O)c7ccc(C(=O)c8ccc9c(c8)C(=O)N([H])C9=O)cc7C6=O)c5)c4C#N)c3C#N)c2C#N)c1,0.00036119648436690064,0.00036119648436690064,0.00036119648436690064,150,10.494850021680094,1
[H]c1cccc(Oc2cccc(Oc3cccc(Oc4cccc(Oc5cccc(N6C(=O)c7ccc(C(=O)c8ccc9c(c8)C(=O)N([H])C9=O)cc7C6=O)c5)c4C#N)c3C#N)c2C#N)c1,0.00021031449220869632,0.00021031449220869632,0.00021031449220869632,150,11.193820026016112,1
[H]c1cccc(Oc2cccc(Oc3cccc(Oc4cccc(Oc5cccc(N6C(=O)c7ccc(C(=O)c8ccc9c(c8)C(=O)N([H])C9=O)cc7C6=O)c5)c4C#N)c3C#N)c2C#N)c1,0.0001224480754883969,0.0001224480754883969,0.0001224480754883969,150,11.892790030352131,1
[H]c1cccc(Oc2cccc(Oc3cccc(Oc4cccc(Oc5cccc(-n6c(=O)c7cc8c(=O)n([H])c(=O)c8cc7c6=O)c5)c4C#N)c3C#N)c2C#N)c1,0.0015690683608314386,0.0015690683608314386,0.0015690683608314386,-150,7.0,1
[H]c1cccc(Oc2cccc(Oc3cccc(Oc4cccc(Oc5cccc(-n6c(=O)c7cc8c(=O)n([H])c(=O)c8cc7c6=O)c5)c4C#N)c3C#N)c2C#N)c1,0.0011983409824773044,0.0011983409824773044,0.0011983409824773044,-150,7.698970004336019,1
[H]c1cccc(Oc2cccc(Oc3cccc(Oc4cccc(Oc5cccc(-n6c(=O)c7cc8c(=O)n([H])c(=O)c8cc7c6=O)c5)c4C#N)c3C#N)c2C#N)c1,0.0009152061687989569,0.0009152061687989569,0.0009152061687989569,-150,8.397940008672037,1
[H]c1cccc(Oc2cccc(Oc3cccc(Oc4cccc(Oc5cccc(-n6c(=O)c7cc8c(=O)n([H])c(=O)c8cc7c6=O)c5)c4C#N)c3C#N)c2C#N)c1,0.0006989682701484823,0.0006989682701484823,0.0006989682701484823,-150,9.096910013008056,1
[H]c1cccc(Oc2cccc(Oc3cccc(Oc4cccc(Oc5cccc(-n6c(=O)c7cc8c(=O)n([H])c(=O)c8cc7c6=O)c5)c4C#N)c3C#N)c2C#N)c1,0.0005338214037621888,0.0005338214037621888,0.0005338214037621888,-150,9.795880017344075,1
[H]c1cccc(Oc2cccc(Oc3cccc(Oc4cccc(Oc5cccc(-n6c(=O)c7cc8c(=O)n([H])c(=O)c8cc7c6=O)c5)c4C#N)c3C#N)c2C#N)c1,0.00040769417322397396,0.00040769417322397396,0.00040769417322397396,-150,10.494850021680094,1
[H]c1cccc(Oc2cccc(Oc3cccc(Oc4cccc(Oc5cccc(-n6c(=O)c7cc8c(=O)n([H])c(=O)c8cc7c6=O)c5)c4C#N)c3C#N)c2C#N)c1,0.00031136731816467966,0.00031136731816467966,0.00031136731816467966,-150,11.193820026016112,1
[H]c1cccc(Oc2cccc(Oc3cccc(Oc4cccc(Oc5cccc(-n6c(=O)c7cc8c(=O)n([H])c(=O)c8cc7c6=O)c5)c4C#N)c3C#N)c2C#N)c1,0.00023779983425554742,0.00023779983425554742,0.00023779983425554742,-150,11.892790030352131,1
[H]c1cccc(Oc2cccc(Oc3cccc(Oc4cccc(Oc5cccc(-n6c(=O)c7cc8c(=O)n([H])c(=O)c8cc7c6=O)c5)c4C#N)c3C#N)c2C#N)c1,0.002332659615178207,0.002332659615178207,0.002332659615178207,-100,7.0,1
[H]c1cccc(Oc2cccc(Oc3cccc(Oc4cccc(Oc5cccc(-n6c(=O)c7cc8c(=O)n([H])c(=O)c8cc7c6=O)c5)c4C#N)c3C#N)c2C#N)c1,0.0016696188171784155,0.0016696188171784155,0.0016696188171784155,-100,7.698970004336019,1
[H]c1cccc(Oc2cccc(Oc3cccc(Oc4cccc(Oc5cccc(-n6c(=O)c7cc8c(=O)n([H])c(=O)c8cc7c6=O)c5)c4C#N)c3C#N)c2C#N)c1,0.0011855635821222778,0.0011855635821222778,0.0011855635821222778,-100,8.397940008672037,1
[H]c1cccc(Oc2cccc(Oc3cccc(Oc4cccc(Oc5cccc(-n6c(=O)c7cc8c(=O)n([H])c(=O)c8cc7c6=O)c5)c4C#N)c3C#N)c2C#N)c1,0.0008371071700038132,0.0008371071700038132,0.0008371071700038132,-100,9.096910013008056,1
[H]c1cccc(Oc2cccc(Oc3cccc(Oc4cccc(Oc5cccc(-n6c(=O)c7cc8c(=O)n([H])c(=O)c8cc7c6=O)c5)c4C#N)c3C#N)c2C#N)c1,0.0005887199107436781,0.0005887199107436781,0.0005887199107436781,-100,9.795880017344075,1
[H]c1cccc(Oc2cccc(Oc3cccc(Oc4cccc(Oc5cccc(-n6c(=O)c7cc8c(=O)n([H])c(=O)c8cc7c6=O)c5)c4C#N)c3C#N)c2C#N)c1,0.0004128781317380552,0.0004128781317380552,0.0004128781317380552,-100,10.494850021680094,1
[H]c1cccc(Oc2cccc(Oc3cccc(Oc4cccc(Oc5cccc(-n6c(=O)c7cc8c(=O)n([H])c(=O)c8cc7c6=O)c5)c4C#N)c3C#N)c2C#N)c1,0.00028899069382783474,0.00028899069382783474,0.00028899069382783474,-100,11.193820026016112,1
[H]c1cccc(Oc2cccc(Oc3cccc(Oc4cccc(Oc5cccc(-n6c(=O)c7cc8c(=O)n([H])c(=O)c8cc7c6=O)c5)c4C#N)c3C#N)c2C#N)c1,0.00020199952121446898,0.00020199952121446898,0.00020199952121446898,-100,11.892790030352131,1
[H]c1cccc(Oc2cccc(Oc3cccc(Oc4cccc(Oc5cccc(-n6c(=O)c7cc8c(=O)n([H])c(=O)c8cc7c6=O)c5)c4C#N)c3C#N)c2C#N)c1,0.0029082914679525156,0.0029082914679525156,0.0029082914679525156,-50,7.0,1
[H]c1cccc(Oc2cccc(Oc3cccc(Oc4cccc(Oc5cccc(-n6c(=O)c7cc8c(=O)n([H])c(=O)c8cc7c6=O)c5)c4C#N)c3C#N)c2C#N)c1,0.0022332090790564535,0.0022332090790564535,0.0022332090790564535,-50,7.698970004336019,1
[H]c1cccc(Oc2cccc(Oc3cccc(Oc4cccc(Oc5cccc(-n6c(=O)c7cc8c(=O)n([H])c(=O)c8cc7c6=O)c5)c4C#N)c3C#N)c2C#N)c1,0.001714828997482506,0.001714828997482506,0.001714828997482506,-50,8.397940008672037,1
[H]c1cccc(Oc2cccc(Oc3cccc(Oc4cccc(Oc5cccc(-n6c(=O)c7cc8c(=O)n([H])c(=O)c8cc7c6=O)c5)c4C#N)c3C#N)c2C#N)c1,0.0013167770491761374,0.0013167770491761374,0.0013167770491761374,-50,9.096910013008056,1
[H]c1cccc(Oc2cccc(Oc3cccc(Oc4cccc(Oc5cccc(-n6c(=O)c7cc8c(=O)n([H])c(=O)c8cc7c6=O)c5)c4C#N)c3C#N)c2C#N)c1,0.0010111222730243162,0.0010111222730243162,0.0010111222730243162,-50,9.795880017344075,1
[H]c1cccc(Oc2cccc(Oc3cccc(Oc4cccc(Oc5cccc(-n6c(=O)c7cc8c(=O)n([H])c(=O)c8cc7c6=O)c5)c4C#N)c3C#N)c2C#N)c1,0.0007764171248565903,0.0007764171248565903,0.0007764171248565903,-50,10.494850021680094,1
[H]c1cccc(Oc2cccc(Oc3cccc(Oc4cccc(Oc5cccc(-n6c(=O)c7cc8c(=O)n([H])c(=O)c8cc7c6=O)c5)c4C#N)c3C#N)c2C#N)c1,0.0005961925355668989,0.0005961925355668989,0.0005961925355668989,-50,11.193820026016112,1
[H]c1cccc(Oc2cccc(Oc3cccc(Oc4cccc(Oc5cccc(-n6c(=O)c7cc8c(=O)n([H])c(=O)c8cc7c6=O)c5)c4C#N)c3C#N)c2C#N)c1,0.0004578022921965767,0.0004578022921965767,0.0004578022921965767,-50,11.892790030352131,1
[H]c1cccc(Oc2cccc(Oc3cccc(Oc4cccc(Oc5cccc(-n6c(=O)c7cc8c(=O)n([H])c(=O)c8cc7c6=O)c5)c4C#N)c3C#N)c2C#N)c1,0.00421462655561677,0.00421462655561677,0.00421462655561677,50,7.0,1
[H]c1cccc(Oc2cccc(Oc3cccc(Oc4cccc(Oc5cccc(-n6c(=O)c7cc8c(=O)n([H])c(=O)c8cc7c6=O)c5)c4C#N)c3C#N)c2C#N)c1,0.00311762156101136,0.00311762156101136,0.00311762156101136,50,7.698970004336019,1
[H]c1cccc(Oc2cccc(Oc3cccc(Oc4cccc(Oc5cccc(-n6c(=O)c7cc8c(=O)n([H])c(=O)c8cc7c6=O)c5)c4C#N)c3C#N)c2C#N)c1,0.002306150638202055,0.002306150638202055,0.002306150638202055,50,8.397940008672037,1
[H]c1cccc(Oc2cccc(Oc3cccc(Oc4cccc(Oc5cccc(-n6c(=O)c7cc8c(=O)n([H])c(=O)c8cc7c6=O)c5)c4C#N)c3C#N)c2C#N)c1,0.0017058936146792884,0.0017058936146792884,0.0017058936146792884,50,9.096910013008056,1
[H]c1cccc(Oc2cccc(Oc3cccc(Oc4cccc(Oc5cccc(-n6c(=O)c7cc8c(=O)n([H])c(=O)c8cc7c6=O)c5)c4C#N)c3C#N)c2C#N)c1,0.0012618746454324207,0.0012618746454324207,0.0012618746454324207,50,9.795880017344075,1
[H]c1cccc(Oc2cccc(Oc3cccc(Oc4cccc(Oc5cccc(-n6c(=O)c7cc8c(=O)n([H])c(=O)c8cc7c6=O)c5)c4C#N)c3C#N)c2C#N)c1,0.0009334272702930753,0.0009334272702930753,0.0009334272702930753,50,10.494850021680094,1
[H]c1cccc(Oc2cccc(Oc3cccc(Oc4cccc(Oc5cccc(-n6c(=O)c7cc8c(=O)n([H])c(=O)c8cc7c6=O)c5)c4C#N)c3C#N)c2C#N)c1,0.0006904699068264744,0.0006904699068264744,0.0006904699068264744,50,11.193820026016112,1
[H]c1cccc(Oc2cccc(Oc3cccc(Oc4cccc(Oc5cccc(-n6c(=O)c7cc8c(=O)n([H])c(=O)c8cc7c6=O)c5)c4C#N)c3C#N)c2C#N)c1,0.0005107507648408324,0.0005107507648408324,0.0005107507648408324,50,11.892790030352131,1
[H]c1cccc(Oc2cccc(Oc3cccc(Oc4cccc(Oc5cccc(-n6c(=O)c7cc8c(=O)n([H])c(=O)c8cc7c6=O)c5)c4C#N)c3C#N)c2C#N)c1,0.005534142722226233,0.005534142722226233,0.005534142722226233,100,7.0,1
[H]c1cccc(Oc2cccc(Oc3cccc(Oc4cccc(Oc5cccc(-n6c(=O)c7cc8c(=O)n([H])c(=O)c8cc7c6=O)c5)c4C#N)c3C#N)c2C#N)c1,0.0038549716536145752,0.0038549716536145752,0.0038549716536145752,100,7.698970004336019,1
[H]c1cccc(Oc2cccc(Oc3cccc(Oc4cccc(Oc5cccc(-n6c(=O)c7cc8c(=O)n([H])c(=O)c8cc7c6=O)c5)c4C#N)c3C#N)c2C#N)c1,0.002685294960554326,0.002685294960554326,0.002685294960554326,100,8.397940008672037,1
[H]c1cccc(Oc2cccc(Oc3cccc(Oc4cccc(Oc5cccc(-n6c(=O)c7cc8c(=O)n([H])c(=O)c8cc7c6=O)c5)c4C#N)c3C#N)c2C#N)c1,0.0018705219096281404,0.0018705219096281404,0.0018705219096281404,100,9.096910013008056,1
[H]c1cccc(Oc2cccc(Oc3cccc(Oc4cccc(Oc5cccc(-n6c(=O)c7cc8c(=O)n([H])c(=O)c8cc7c6=O)c5)c4C#N)c3C#N)c2C#N)c1,0.001302967553821865,0.001302967553821865,0.001302967553821865,100,9.795880017344075,1
[H]c1cccc(Oc2cccc(Oc3cccc(Oc4cccc(Oc5cccc(-n6c(=O)c7cc8c(=O)n([H])c(=O)c8cc7c6=O)c5)c4C#N)c3C#N)c2C#N)c1,0.0009076207216622287,0.0009076207216622287,0.0009076207216622287,100,10.494850021680094,1
[H]c1cccc(Oc2cccc(Oc3cccc(Oc4cccc(Oc5cccc(-n6c(=O)c7cc8c(=O)n([H])c(=O)c8cc7c6=O)c5)c4C#N)c3C#N)c2C#N)c1,0.000632230151775982,0.000632230151775982,0.000632230151775982,100,11.193820026016112,1
[H]c1cccc(Oc2cccc(Oc3cccc(Oc4cccc(Oc5cccc(-n6c(=O)c7cc8c(=O)n([H])c(=O)c8cc7c6=O)c5)c4C#N)c3C#N)c2C#N)c1,0.00044039867674572505,0.00044039867674572505,0.00044039867674572505,100,11.892790030352131,1
[H]c1cccc(Oc2cccc(Oc3cccc(Oc4cccc(Oc5cccc(-n6c(=O)c7cc8c(=O)n([H])c(=O)c8cc7c6=O)c5)c4C#N)c3C#N)c2C#N)c1,0.008253174089256668,0.008253174089256668,0.008253174089256668,150,7.0,1
[H]c1cccc(Oc2cccc(Oc3cccc(Oc4cccc(Oc5cccc(-n6c(=O)c7cc8c(=O)n([H])c(=O)c8cc7c6=O)c5)c4C#N)c3C#N)c2C#N)c1,0.005362877952758735,0.005362877952758735,0.005362877952758735,150,7.698970004336019,1
[H]c1cccc(Oc2cccc(Oc3cccc(Oc4cccc(Oc5cccc(-n6c(=O)c7cc8c(=O)n([H])c(=O)c8cc7c6=O)c5)c4C#N)c3C#N)c2C#N)c1,0.003484549032232625,0.003484549032232625,0.003484549032232625,150,8.397940008672037,1
[H]c1cccc(Oc2cccc(Oc3cccc(Oc4cccc(Oc5cccc(-n6c(=O)c7cc8c(=O)n([H])c(=O)c8cc7c6=O)c5)c4C#N)c3C#N)c2C#N)c1,0.002264041632155118,0.002264041632155118,0.002264041632155118,150,9.096910013008056,1
[H]c1cccc(Oc2cccc(Oc3cccc(Oc4cccc(Oc5cccc(-n6c(=O)c7cc8c(=O)n([H])c(=O)c8cc7c6=O)c5)c4C#N)c3C#N)c2C#N)c1,0.001471018308124503,0.001471018308124503,0.001471018308124503,150,9.795880017344075,1
[H]c1cccc(Oc2cccc(Oc3cccc(Oc4cccc(Oc5cccc(-n6c(=O)c7cc8c(=O)n([H])c(=O)c8cc7c6=O)c5)c4C#N)c3C#N)c2C#N)c1,0.0009557628619317545,0.0009557628619317545,0.0009557628619317545,150,10.494850021680094,1
[H]c1cccc(Oc2cccc(Oc3cccc(Oc4cccc(Oc5cccc(-n6c(=O)c7cc8c(=O)n([H])c(=O)c8cc7c6=O)c5)c4C#N)c3C#N)c2C#N)c1,0.0006209857177027335,0.0006209857177027335,0.0006209857177027335,150,11.193820026016112,1
[H]c1cccc(Oc2cccc(Oc3cccc(Oc4cccc(Oc5cccc(-n6c(=O)c7cc8c(=O)n([H])c(=O)c8cc7c6=O)c5)c4C#N)c3C#N)c2C#N)c1,0.00040347147626172393,0.00040347147626172393,0.00040347147626172393,150,11.892790030352131,1
[H]c1ccc(Oc2cccc(Oc3cccc(Oc4cccc(Oc5cccc(N6C(=O)c7ccc(Oc8ccc9c(c8)C(=O)N([H])C9=O)cc7C6=O)c5)c4C#N)c3C#N)c2C#N)cc1,0.0030337860407997443,0.0030337860407997443,0.0030337860407997443,0,7.0,1
[H]c1ccc(Oc2cccc(Oc3cccc(Oc4cccc(Oc5cccc(N6C(=O)c7ccc(Oc8ccc9c(c8)C(=O)N([H])C9=O)cc7C6=O)c5)c4C#N)c3C#N)c2C#N)cc1,0.0022700419307714525,0.0022700419307714525,0.0022700419307714525,0,7.698970004336019,1
[H]c1ccc(Oc2cccc(Oc3cccc(Oc4cccc(Oc5cccc(N6C(=O)c7ccc(Oc8ccc9c(c8)C(=O)N([H])C9=O)cc7C6=O)c5)c4C#N)c3C#N)c2C#N)cc1,0.0016985674004596032,0.0016985674004596032,0.0016985674004596032,0,8.397940008672037,1
[H]c1ccc(Oc2cccc(Oc3cccc(Oc4cccc(Oc5cccc(N6C(=O)c7ccc(Oc8ccc9c(c8)C(=O)N([H])C9=O)cc7C6=O)c5)c4C#N)c3C#N)c2C#N)cc1,0.0012709594220969385,0.0012709594220969385,0.0012709594220969385,0,9.096910013008056,1
[H]c1ccc(Oc2cccc(Oc3cccc(Oc4cccc(Oc5cccc(N6C(=O)c7ccc(Oc8ccc9c(c8)C(=O)N([H])C9=O)cc7C6=O)c5)c4C#N)c3C#N)c2C#N)cc1,0.000951000147792758,0.000951000147792758,0.000951000147792758,0,9.795880017344075,1
[H]c1ccc(Oc2cccc(Oc3cccc(Oc4cccc(Oc5cccc(N6C(=O)c7ccc(Oc8ccc9c(c8)C(=O)N([H])C9=O)cc7C6=O)c5)c4C#N)c3C#N)c2C#N)cc1,0.0007115894221000801,0.0007115894221000801,0.0007115894221000801,0,10.494850021680094,1
[H]c1ccc(Oc2cccc(Oc3cccc(Oc4cccc(Oc5cccc(N6C(=O)c7ccc(Oc8ccc9c(c8)C(=O)N([H])C9=O)cc7C6=O)c5)c4C#N)c3C#N)c2C#N)cc1,0.0005324494499533223,0.0005324494499533223,0.0005324494499533223,0,11.193820026016112,1
[H]c1ccc(Oc2cccc(Oc3cccc(Oc4cccc(Oc5cccc(N6C(=O)c7ccc(Oc8ccc9c(c8)C(=O)N([H])C9=O)cc7C6=O)c5)c4C#N)c3C#N)c2C#N)cc1,0.00039840729491685145,0.00039840729491685145,0.00039840729491685145,0,11.892790030352131,1
[H]c1ccc(Oc2cccc(Oc3cccc(Oc4cccc(Oc5cccc(N6C(=O)c7ccc(Oc8ccc9c(c8)C(=O)N([H])C9=O)cc7C6=O)c5)c4C#N)c3C#N)c2C#N)cc1,0.0036502561518126047,0.0036502561518126047,0.0036502561518126047,50,7.0,1
[H]c1ccc(Oc2cccc(Oc3cccc(Oc4cccc(Oc5cccc(N6C(=O)c7ccc(Oc8ccc9c(c8)C(=O)N([H])C9=O)cc7C6=O)c5)c4C#N)c3C#N)c2C#N)cc1,0.0025676005195984035,0.0025676005195984035,0.0025676005195984035,50,7.698970004336019,1
[H]c1ccc(Oc2cccc(Oc3cccc(Oc4cccc(Oc5cccc(N6C(=O)c7ccc(Oc8ccc9c(c8)C(=O)N([H])C9=O)cc7C6=O)c5)c4C#N)c3C#N)c2C#N)cc1,0.0018060573892762991,0.0018060573892762991,0.0018060573892762991,50,8.397940008672037,1
[H]c1ccc(Oc2cccc(Oc3cccc(Oc4cccc(Oc5cccc(N6C(=O)c7ccc(Oc8ccc9c(c8)C(=O)N([H])C9=O)cc7C6=O)c5)c4C#N)c3C#N)c2C#N)cc1,0.0012703858079005951,0.0012703858079005951,0.0012703858079005951,50,9.096910013008056,1
[H]c1ccc(Oc2cccc(Oc3cccc(Oc4cccc(Oc5cccc(N6C(=O)c7ccc(Oc8ccc9c(c8)C(=O)N([H])C9=O)cc7C6=O)c5)c4C#N)c3C#N)c2C#N)cc1,0.0008935929208240556,0.0008935929208240556,0.0008935929208240556,50,9.795880017344075,1
[H]c1ccc(Oc2cccc(Oc3cccc(Oc4cccc(Oc5cccc(N6C(=O)c7ccc(Oc8ccc9c(c8)C(=O)N([H])C9=O)cc7C6=O)c5)c4C#N)c3C#N)c2C#N)cc1,0.0006285557527947088,0.0006285557527947088,0.0006285557527947088,50,10.494850021680094,1
[H]c1ccc(Oc2cccc(Oc3cccc(Oc4cccc(Oc5cccc(N6C(=O)c7ccc(Oc8ccc9c(c8)C(=O)N([H])C9=O)cc7C6=O)c5)c4C#N)c3C#N)c2C#N)cc1,0.00044212786956179356,0.00044212786956179356,0.00044212786956179356,50,11.193820026016112,1
[H]c1ccc(Oc2cccc(Oc3cccc(Oc4cccc(Oc5cccc(N6C(=O)c7ccc(Oc8ccc9c(c8)C(=O)N([H])C9=O)cc7C6=O)c5)c4C#N)c3C#N)c2C#N)cc1,0.00031099397654218834,0.00031099397654218834,0.00031099397654218834,50,11.892790030352131,1
[H]c1ccc(Oc2cccc(Oc3cccc(Oc4cccc(Oc5cccc(N6C(=O)c7ccc(Oc8ccc9c(c8)C(=O)N([H])C9=O)cc7C6=O)c5)c4C#N)c3C#N)c2C#N)cc1,0.009838777140913375,0.009838777140913375,0.009838777140913375,100,7.0,1
[H]c1ccc(Oc2cccc(Oc3cccc(Oc4cccc(Oc5cccc(N6C(=O)c7ccc(Oc8ccc9c(c8)C(=O)N([H])C9=O)cc7C6=O)c5)c4C#N)c3C#N)c2C#N)cc1,0.007113790396203875,0.007113790396203875,0.007113790396203875,100,7.698970004336019,1
[H]c1ccc(Oc2cccc(Oc3cccc(Oc4cccc(Oc5cccc(N6C(=O)c7ccc(Oc8ccc9c(c8)C(=O)N([H])C9=O)cc7C6=O)c5)c4C#N)c3C#N)c2C#N)cc1,0.005143526474808757,0.005143526474808757,0.005143526474808757,100,8.397940008672037,1
[H]c1ccc(Oc2cccc(Oc3cccc(Oc4cccc(Oc5cccc(N6C(=O)c7ccc(Oc8ccc9c(c8)C(=O)N([H])C9=O)cc7C6=O)c5)c4C#N)c3C#N)c2C#N)cc1,0.003718954706250009,0.003718954706250009,0.003718954706250009,100,9.096910013008056,1
[H]c1ccc(Oc2cccc(Oc3cccc(Oc4cccc(Oc5cccc(N6C(=O)c7ccc(Oc8ccc9c(c8)C(=O)N([H])C9=O)cc7C6=O)c5)c4C#N)c3C#N)c2C#N)cc1,0.002688938054663347,0.002688938054663347,0.002688938054663347,100,9.795880017344075,1
[H]c1ccc(Oc2cccc(Oc3cccc(Oc4cccc(Oc5cccc(N6C(=O)c7ccc(Oc8ccc9c(c8)C(=O)N([H])C9=O)cc7C6=O)c5)c4C#N)c3C#N)c2C#N)cc1,0.0019441989562619432,0.0019441989562619432,0.0019441989562619432,100,10.494850021680094,1
[H]c1ccc(Oc2cccc(Oc3cccc(Oc4cccc(Oc5cccc(N6C(=O)c7ccc(Oc8ccc9c(c8)C(=O)N([H])C9=O)cc7C6=O)c5)c4C#N)c3C#N)c2C#N)cc1,0.001405725793721618,0.001405725793721618,0.001405725793721618,100,11.193820026016112,1
[H]c1ccc(Oc2cccc(Oc3cccc(Oc4cccc(Oc5cccc(N6C(=O)c7ccc(Oc8ccc9c(c8)C(=O)N([H])C9=O)cc7C6=O)c5)c4C#N)c3C#N)c2C#N)cc1,0.0010163903240103056,0.0010163903240103056,0.0010163903240103056,100,11.892790030352131,1
[H]c1ccc(Oc2cccc(Oc3cccc(Oc4cccc(Oc5cccc(N6C(=O)c7ccc(Oc8ccc9c(c8)C(=O)N([H])C9=O)cc7C6=O)c5)c4C#N)c3C#N)c2C#N)cc1,0.01573440041875669,0.01573440041875669,0.01573440041875669,150,7.0,1
[H]c1ccc(Oc2cccc(Oc3cccc(Oc4cccc(Oc5cccc(N6C(=O)c7ccc(Oc8ccc9c(c8)C(=O)N([H])C9=O)cc7C6=O)c5)c4C#N)c3C#N)c2C#N)cc1,0.009973178287930113,0.009973178287930113,0.009973178287930113,150,7.698970004336019,1
[H]c1ccc(Oc2cccc(Oc3cccc(Oc4cccc(Oc5cccc(N6C(=O)c7ccc(Oc8ccc9c(c8)C(=O)N([H])C9=O)cc7C6=O)c5)c4C#N)c3C#N)c2C#N)cc1,0.006315126747951735,0.006315126747951735,0.006315126747951735,150,8.397940008672037,1
[H]c1ccc(Oc2cccc(Oc3cccc(Oc4cccc(Oc5cccc(N6C(=O)c7ccc(Oc8ccc9c(c8)C(=O)N([H])C9=O)cc7C6=O)c5)c4C#N)c3C#N)c2C#N)cc1,0.003996873144320267,0.003996873144320267,0.003996873144320267,150,9.096910013008056,1
[H]c1ccc(Oc2cccc(Oc3cccc(Oc4cccc(Oc5cccc(N6C(=O)c7ccc(Oc8ccc9c(c8)C(=O)N([H])C9=O)cc7C6=O)c5)c4C#N)c3C#N)c2C#N)cc1,0.0025290481403003177,0.0025290481403003177,0.0025290481403003177,150,9.795880017344075,1
[H]c1ccc(Oc2cccc(Oc3cccc(Oc4cccc(Oc5cccc(N6C(=O)c7ccc(Oc8ccc9c(c8)C(=O)N([H])C9=O)cc7C6=O)c5)c4C#N)c3C#N)c2C#N)cc1,0.0016000912973750336,0.0016000912973750336,0.0016000912973750336,150,10.494850021680094,1
[H]c1ccc(Oc2cccc(Oc3cccc(Oc4cccc(Oc5cccc(N6C(=O)c7ccc(Oc8ccc9c(c8)C(=O)N([H])C9=O)cc7C6=O)c5)c4C#N)c3C#N)c2C#N)cc1,0.0010122988150034508,0.0010122988150034508,0.0010122988150034508,150,11.193820026016112,1
[H]c1ccc(Oc2cccc(Oc3cccc(Oc4cccc(Oc5cccc(N6C(=O)c7ccc(Oc8ccc9c(c8)C(=O)N([H])C9=O)cc7C6=O)c5)c4C#N)c3C#N)c2C#N)cc1,0.0006404146299470652,0.0006404146299470652,0.0006404146299470652,150,11.892790030352131,1
[H]c1ccc(Oc2cccc(Oc3cccc(Oc4cccc(Oc5cccc(N6C(=O)c7ccc(C(c8ccc9c(c8)C(=O)N([H])C9=O)(C(F)(F)F)C(F)(F)F)cc7C6=O)c5)c4C#N)c3C#N)c2C#N)cc1,0.0024165722831564207,0.0024165722831564207,0.0024165722831564207,-50,7.0,1
[H]c1ccc(Oc2cccc(Oc3cccc(Oc4cccc(Oc5cccc(N6C(=O)c7ccc(C(c8ccc9c(c8)C(=O)N([H])C9=O)(C(F)(F)F)C(F)(F)F)cc7C6=O)c5)c4C#N)c3C#N)c2C#N)cc1,0.001591321216771565,0.001591321216771565,0.001591321216771565,-50,7.698970004336019,1
[H]c1ccc(Oc2cccc(Oc3cccc(Oc4cccc(Oc5cccc(N6C(=O)c7ccc(C(c8ccc9c(c8)C(=O)N([H])C9=O)(C(F)(F)F)C(F)(F)F)cc7C6=O)c5)c4C#N)c3C#N)c2C#N)cc1,0.0010315355247679126,0.0010315355247679126,0.0010315355247679126,-50,8.397940008672037,1
[H]c1ccc(Oc2cccc(Oc3cccc(Oc4cccc(Oc5cccc(N6C(=O)c7ccc(C(c8ccc9c(c8)C(=O)N([H])C9=O)(C(F)(F)F)C(F)(F)F)cc7C6=O)c5)c4C#N)c3C#N)c2C#N)cc1,0.00066191548887515,0.00066191548887515,0.00066191548887515,-50,9.096910013008056,1
[H]c1ccc(Oc2cccc(Oc3cccc(Oc4cccc(Oc5cccc(N6C(=O)c7ccc(C(c8ccc9c(c8)C(=O)N([H])C9=O)(C(F)(F)F)C(F)(F)F)cc7C6=O)c5)c4C#N)c3C#N)c2C#N)cc1,0.00042198904472291043,0.00042198904472291043,0.00042198904472291043,-50,9.795880017344075,1
[H]c1ccc(Oc2cccc(Oc3cccc(Oc4cccc(Oc5cccc(N6C(=O)c7ccc(C(c8ccc9c(c8)C(=O)N([H])C9=O)(C(F)(F)F)C(F)(F)F)cc7C6=O)c5)c4C#N)c3C#N)c2C#N)cc1,0.0002679204252019058,0.0002679204252019058,0.0002679204252019058,-50,10.494850021680094,1
[H]c1ccc(Oc2cccc(Oc3cccc(Oc4cccc(Oc5cccc(N6C(=O)c7ccc(C(c8ccc9c(c8)C(=O)N([H])C9=O)(C(F)(F)F)C(F)(F)F)cc7C6=O)c5)c4C#N)c3C#N)c2C#N)cc1,0.00016965746455366944,0.00016965746455366944,0.00016965746455366944,-50,11.193820026016112,1
[H]c1ccc(Oc2cccc(Oc3cccc(Oc4cccc(Oc5cccc(N6C(=O)c7ccc(C(c8ccc9c(c8)C(=O)N([H])C9=O)(C(F)(F)F)C(F)(F)F)cc7C6=O)c5)c4C#N)c3C#N)c2C#N)cc1,0.00010725570975291755,0.00010725570975291755,0.00010725570975291755,-50,11.892790030352131,1
[H]c1ccc(Oc2cccc(Oc3cccc(Oc4cccc(Oc5cccc(N6C(=O)c7ccc(C(c8ccc9c(c8)C(=O)N([H])C9=O)(C(F)(F)F)C(F)(F)F)cc7C6=O)c5)c4C#N)c3C#N)c2C#N)cc1,0.005121686907331293,0.005121686907331293,0.005121686907331293,25,7.0,1
[H]c1ccc(Oc2cccc(Oc3cccc(Oc4cccc(Oc5cccc(N6C(=O)c7ccc(C(c8ccc9c(c8)C(=O)N([H])C9=O)(C(F)(F)F)C(F)(F)F)cc7C6=O)c5)c4C#N)c3C#N)c2C#N)cc1,0.0035301535689263265,0.0035301535689263265,0.0035301535689263265,25,7.698970004336019,1
[H]c1ccc(Oc2cccc(Oc3cccc(Oc4cccc(Oc5cccc(N6C(=O)c7ccc(C(c8ccc9c(c8)C(=O)N([H])C9=O)(C(F)(F)F)C(F)(F)F)cc7C6=O)c5)c4C#N)c3C#N)c2C#N)cc1,0.002410091716672911,0.002410091716672911,0.002410091716672911,25,8.397940008672037,1
[H]c1ccc(Oc2cccc(Oc3cccc(Oc4cccc(Oc5cccc(N6C(=O)c7ccc(C(c8ccc9c(c8)C(=O)N([H])C9=O)(C(F)(F)F)C(F)(F)F)cc7C6=O)c5)c4C#N)c3C#N)c2C#N)cc1,0.001634758514667766,0.001634758514667766,0.001634758514667766,25,9.096910013008056,1
[H]c1ccc(Oc2cccc(Oc3cccc(Oc4cccc(Oc5cccc(N6C(=O)c7ccc(C(c8ccc9c(c8)C(=O)N([H])C9=O)(C(F)(F)F)C(F)(F)F)cc7C6=O)c5)c4C#N)c3C#N)c2C#N)cc1,0.0011039875156419543,0.0011039875156419543,0.0011039875156419543,25,9.795880017344075,1
[H]c1ccc(Oc2cccc(Oc3cccc(Oc4cccc(Oc5cccc(N6C(=O)c7ccc(C(c8ccc9c(c8)C(=O)N([H])C9=O)(C(F)(F)F)C(F)(F)F)cc7C6=O)c5)c4C#N)c3C#N)c2C#N)cc1,0.0007433386572046707,0.0007433386572046707,0.0007433386572046707,25,10.494850021680094,1
[H]c1ccc(Oc2cccc(Oc3cccc(Oc4cccc(Oc5cccc(N6C(=O)c7ccc(C(c8ccc9c(c8)C(=O)N([H])C9=O)(C(F)(F)F)C(F)(F)F)cc7C6=O)c5)c4C#N)c3C#N)c2C#N)cc1,0.0004995083300910815,0.0004995083300910815,0.0004995083300910815,25,11.193820026016112,1
[H]c1ccc(Oc2cccc(Oc3cccc(Oc4cccc(Oc5cccc(N6C(=O)c7ccc(C(c8ccc9c(c8)C(=O)N([H])C9=O)(C(F)(F)F)C(F)(F)F)cc7C6=O)c5)c4C#N)c3C#N)c2C#N)cc1,0.0003352098496922435,0.0003352098496922435,0.0003352098496922435,25,11.892790030352131,1
[H]c1ccc(Oc2cccc(Oc3cccc(Oc4cccc(Oc5cccc(N6C(=O)c7ccc(C(c8ccc9c(c8)C(=O)N([H])C9=O)(C(F)(F)F)C(F)(F)F)cc7C6=O)c5)c4C#N)c3C#N)c2C#N)cc1,0.004893876879853603,0.004893876879853603,0.004893876879853603,50,7.0,1
[H]c1ccc(Oc2cccc(Oc3cccc(Oc4cccc(Oc5cccc(N6C(=O)c7ccc(C(c8ccc9c(c8)C(=O)N([H])C9=O)(C(F)(F)F)C(F)(F)F)cc7C6=O)c5)c4C#N)c3C#N)c2C#N)cc1,0.00363996794336668,0.00363996794336668,0.00363996794336668,50,7.698970004336019,1
[H]c1ccc(Oc2cccc(Oc3cccc(Oc4cccc(Oc5cccc(N6C(=O)c7ccc(C(c8ccc9c(c8)C(=O)N([H])C9=O)(C(F)(F)F)C(F)(F)F)cc7C6=O)c5)c4C#N)c3C#N)c2C#N)cc1,0.0027073353842095565,0.0027073353842095565,0.0027073353842095565,50,8.397940008672037,1
[H]c1ccc(Oc2cccc(Oc3cccc(Oc4cccc(Oc5cccc(N6C(=O)c7ccc(C(c8ccc9c(c8)C(=O)N([H])C9=O)(C(F)(F)F)C(F)(F)F)cc7C6=O)c5)c4C#N)c3C#N)c2C#N)cc1,0.002013661914556276,0.002013661914556276,0.002013661914556276,50,9.096910013008056,1
[H]c1ccc(Oc2cccc(Oc3cccc(Oc4cccc(Oc5cccc(N6C(=O)c7ccc(C(c8ccc9c(c8)C(=O)N([H])C9=O)(C(F)(F)F)C(F)(F)F)cc7C6=O)c5)c4C#N)c3C#N)c2C#N)cc1,0.0014977214580104258,0.0014977214580104258,0.0014977214580104258,50,9.795880017344075,1
[H]c1ccc(Oc2cccc(Oc3cccc(Oc4cccc(Oc5cccc(N6C(=O)c7ccc(C(c8ccc9c(c8)C(=O)N([H])C9=O)(C(F)(F)F)C(F)(F)F)cc7C6=O)c5)c4C#N)c3C#N)c2C#N)cc1,0.0011139752650511602,0.0011139752650511602,0.0011139752650511602,50,10.494850021680094,1
[H]c1ccc(Oc2cccc(Oc3cccc(Oc4cccc(Oc5cccc(N6C(=O)c7ccc(C(c8ccc9c(c8)C(=O)N([H])C9=O)(C(F)(F)F)C(F)(F)F)cc7C6=O)c5)c4C#N)c3C#N)c2C#N)cc1,0.0008285525218463928,0.0008285525218463928,0.0008285525218463928,50,11.193820026016112,1
[H]c1ccc(Oc2cccc(Oc3cccc(Oc4cccc(Oc5cccc(N6C(=O)c7ccc(C(c8ccc9c(c8)C(=O)N([H])C9=O)(C(F)(F)F)C(F)(F)F)cc7C6=O)c5)c4C#N)c3C#N)c2C#N)cc1,0.0006162607941001042,0.0006162607941001042,0.0006162607941001042,50,11.892790030352131,1
[H]c1ccc(Oc2cccc(Oc3cccc(Oc4cccc(Oc5cccc(N6C(=O)c7ccc(C(c8ccc9c(c8)C(=O)N([H])C9=O)(C(F)(F)F)C(F)(F)F)cc7C6=O)c5)c4C#N)c3C#N)c2C#N)cc1,0.006617441164938289,0.006617441164938289,0.006617441164938289,100,7.0,1
[H]c1ccc(Oc2cccc(Oc3cccc(Oc4cccc(Oc5cccc(N6C(=O)c7ccc(C(c8ccc9c(c8)C(=O)N([H])C9=O)(C(F)(F)F)C(F)(F)F)cc7C6=O)c5)c4C#N)c3C#N)c2C#N)cc1,0.00411639987553981,0.00411639987553981,0.00411639987553981,100,7.698970004336019,1
[H]c1ccc(Oc2cccc(Oc3cccc(Oc4cccc(Oc5cccc(N6C(=O)c7ccc(C(c8ccc9c(c8)C(=O)N([H])C9=O)(C(F)(F)F)C(F)(F)F)cc7C6=O)c5)c4C#N)c3C#N)c2C#N)cc1,0.002555575855668704,0.002555575855668704,0.002555575855668704,100,8.397940008672037,1
[H]c1ccc(Oc2cccc(Oc3cccc(Oc4cccc(Oc5cccc(N6C(=O)c7ccc(C(c8ccc9c(c8)C(=O)N([H])C9=O)(C(F)(F)F)C(F)(F)F)cc7C6=O)c5)c4C#N)c3C#N)c2C#N)cc1,0.0015848674781137316,0.0015848674781137316,0.0015848674781137316,100,9.096910013008056,1
[H]c1ccc(Oc2cccc(Oc3cccc(Oc4cccc(Oc5cccc(N6C(=O)c7ccc(C(c8ccc9c(c8)C(=O)N([H])C9=O)(C(F)(F)F)C(F)(F)F)cc7C6=O)c5)c4C#N)c3C#N)c2C#N)cc1,0.0009822964755282877,0.0009822964755282877,0.0009822964755282877,100,9.795880017344075,1
[H]c1ccc(Oc2cccc(Oc3cccc(Oc4cccc(Oc5cccc(N6C(=O)c7ccc(C(c8ccc9c(c8)C(=O)N([H])C9=O)(C(F)(F)F)C(F)(F)F)cc7C6=O)c5)c4C#N)c3C#N)c2C#N)cc1,0.0006086302693910463,0.0006086302693910463,0.0006086302693910463,100,10.494850021680094,1
[H]c1ccc(Oc2cccc(Oc3cccc(Oc4cccc(Oc5cccc(N6C(=O)c7ccc(C(c8ccc9c(c8)C(=O)N([H])C9=O)(C(F)(F)F)C(F)(F)F)cc7C6=O)c5)c4C#N)c3C#N)c2C#N)cc1,0.0003770413509748162,0.0003770413509748162,0.0003770413509748162,100,11.193820026016112,1
[H]c1ccc(Oc2cccc(Oc3cccc(Oc4cccc(Oc5cccc(N6C(=O)c7ccc(C(c8ccc9c(c8)C(=O)N([H])C9=O)(C(F)(F)F)C(F)(F)F)cc7C6=O)c5)c4C#N)c3C#N)c2C#N)cc1,0.00023355183727163993,0.00023355183727163993,0.00023355183727163993,100,11.892790030352131,1
[H]c1ccc(Oc2cccc(Oc3cccc(Oc4cccc(Oc5cccc(N6C(=O)c7ccc(C(c8ccc9c(c8)C(=O)N([H])C9=O)(C(F)(F)F)C(F)(F)F)cc7C6=O)c5)c4C#N)c3C#N)c2C#N)cc1,0.0137400434970853,0.0137400434970853,0.0137400434970853,150,7.0,1
[H]c1ccc(Oc2cccc(Oc3cccc(Oc4cccc(Oc5cccc(N6C(=O)c7ccc(C(c8ccc9c(c8)C(=O)N([H])C9=O)(C(F)(F)F)C(F)(F)F)cc7C6=O)c5)c4C#N)c3C#N)c2C#N)cc1,0.008069331586952593,0.008069331586952593,0.008069331586952593,150,7.698970004336019,1
[H]c1ccc(Oc2cccc(Oc3cccc(Oc4cccc(Oc5cccc(N6C(=O)c7ccc(C(c8ccc9c(c8)C(=O)N([H])C9=O)(C(F)(F)F)C(F)(F)F)cc7C6=O)c5)c4C#N)c3C#N)c2C#N)cc1,0.004715336207456208,0.004715336207456208,0.004715336207456208,150,8.397940008672037,1
[H]c1ccc(Oc2cccc(Oc3cccc(Oc4cccc(Oc5cccc(N6C(=O)c7ccc(C(c8ccc9c(c8)C(=O)N([H])C9=O)(C(F)(F)F)C(F)(F)F)cc7C6=O)c5)c4C#N)c3C#N)c2C#N)cc1,0.002747547947913887,0.002747547947913887,0.002747547947913887,150,9.096910013008056,1
[H]c1ccc(Oc2cccc(Oc3cccc(Oc4cccc(Oc5cccc(N6C(=O)c7ccc(C(c8ccc9c(c8)C(=O)N([H])C9=O)(C(F)(F)F)C(F)(F)F)cc7C6=O)c5)c4C#N)c3C#N)c2C#N)cc1,0.0015983406712063923,0.0015983406712063923,0.0015983406712063923,150,9.795880017344075,1
[H]c1ccc(Oc2cccc(Oc3cccc(Oc4cccc(Oc5cccc(N6C(=O)c7ccc(C(c8ccc9c(c8)C(=O)N([H])C9=O)(C(F)(F)F)C(F)(F)F)cc7C6=O)c5)c4C#N)c3C#N)c2C#N)cc1,0.0009289446259670733,0.0009289446259670733,0.0009289446259670733,150,10.494850021680094,1
[H]c1ccc(Oc2cccc(Oc3cccc(Oc4cccc(Oc5cccc(N6C(=O)c7ccc(C(c8ccc9c(c8)C(=O)N([H])C9=O)(C(F)(F)F)C(F)(F)F)cc7C6=O)c5)c4C#N)c3C#N)c2C#N)cc1,0.0005396107103271656,0.0005396107103271656,0.0005396107103271656,150,11.193820026016112,1
[H]c1ccc(Oc2cccc(Oc3cccc(Oc4cccc(Oc5cccc(N6C(=O)c7ccc(C(c8ccc9c(c8)C(=O)N([H])C9=O)(C(F)(F)F)C(F)(F)F)cc7C6=O)c5)c4C#N)c3C#N)c2C#N)cc1,0.0003133578407733072,0.0003133578407733072,0.0003133578407733072,150,11.892790030352131,1
[H]c1ccc(Oc2cccc(Oc3cccc(Oc4cccc(Oc5cccc(N6C(=O)c7ccc(C(c8ccc9c(c8)C(=O)N([H])C9=O)(C(F)(F)F)C(F)(F)F)cc7C6=O)c5)c4C#N)c3C#N)c2C#N)cc1,0.019000490355172237,0.019000490355172237,0.019000490355172237,190,7.0,1
[H]c1ccc(Oc2cccc(Oc3cccc(Oc4cccc(Oc5cccc(N6C(=O)c7ccc(C(c8ccc9c(c8)C(=O)N([H])C9=O)(C(F)(F)F)C(F)(F)F)cc7C6=O)c5)c4C#N)c3C#N)c2C#N)cc1,0.01027124901546618,0.01027124901546618,0.01027124901546618,190,7.698970004336019,1
[H]c1ccc(Oc2cccc(Oc3cccc(Oc4cccc(Oc5cccc(N6C(=O)c7ccc(C(c8ccc9c(c8)C(=O)N([H])C9=O)(C(F)(F)F)C(F)(F)F)cc7C6=O)c5)c4C#N)c3C#N)c2C#N)cc1,0.005514038895380872,0.005514038895380872,0.005514038895380872,190,8.397940008672037,1
[H]c1ccc(Oc2cccc(Oc3cccc(Oc4cccc(Oc5cccc(N6C(=O)c7ccc(C(c8ccc9c(c8)C(=O)N([H])C9=O)(C(F)(F)F)C(F)(F)F)cc7C6=O)c5)c4C#N)c3C#N)c2C#N)cc1,0.0029492052538318365,0.0029492052538318365,0.0029492052538318365,190,9.096910013008056,1
[H]c1ccc(Oc2cccc(Oc3cccc(Oc4cccc(Oc5cccc(N6C(=O)c7ccc(C(c8ccc9c(c8)C(=O)N([H])C9=O)(C(F)(F)F)C(F)(F)F)cc7C6=O)c5)c4C#N)c3C#N)c2C#N)cc1,0.0015742725074665465,0.0015742725074665465,0.0015742725074665465,190,9.795880017344075,1
[H]c1ccc(Oc2cccc(Oc3cccc(Oc4cccc(Oc5cccc(N6C(=O)c7ccc(C(c8ccc9c(c8)C(=O)N([H])C9=O)(C(F)(F)F)C(F)(F)F)cc7C6=O)c5)c4C#N)c3C#N)c2C#N)cc1,0.0008394524066985065,0.0008394524066985065,0.0008394524066985065,190,10.494850021680094,1
[H]c1ccc(Oc2cccc(Oc3cccc(Oc4cccc(Oc5cccc(N6C(=O)c7ccc(C(c8ccc9c(c8)C(=O)N([H])C9=O)(C(F)(F)F)C(F)(F)F)cc7C6=O)c5)c4C#N)c3C#N)c2C#N)cc1,0.00044737092913319643,0.00044737092913319643,0.00044737092913319643,190,11.193820026016112,1
[H]c1ccc(Oc2cccc(Oc3cccc(Oc4cccc(Oc5cccc(N6C(=O)c7ccc(C(c8ccc9c(c8)C(=O)N([H])C9=O)(C(F)(F)F)C(F)(F)F)cc7C6=O)c5)c4C#N)c3C#N)c2C#N)cc1,0.00023834672186829903,0.00023834672186829903,0.00023834672186829903,190,11.892790030352131,1
[H]c1ccc(Oc2cccc(Oc3cccc(Oc4cccc(Oc5ccc(N6C(=O)c7ccc(Oc8ccc9c(c8)C(=O)N([H])C9=O)cc7C6=O)cc5)c4C#N)c3C#N)c2C#N)cc1,0.001612504930307187,0.001612504930307187,0.001612504930307187,-150,7.0,1
[H]c1ccc(Oc2cccc(Oc3cccc(Oc4cccc(Oc5ccc(N6C(=O)c7ccc(Oc8ccc9c(c8)C(=O)N([H])C9=O)cc7C6=O)cc5)c4C#N)c3C#N)c2C#N)cc1,0.0013169331564165491,0.0013169331564165491,0.0013169331564165491,-150,7.698970004336019,1
[H]c1ccc(Oc2cccc(Oc3cccc(Oc4cccc(Oc5ccc(N6C(=O)c7ccc(Oc8ccc9c(c8)C(=O)N([H])C9=O)cc7C6=O)cc5)c4C#N)c3C#N)c2C#N)cc1,0.0010755395832593375,0.0010755395832593375,0.0010755395832593375,-150,8.397940008672037,1
[H]c1ccc(Oc2cccc(Oc3cccc(Oc4cccc(Oc5ccc(N6C(=O)c7ccc(Oc8ccc9c(c8)C(=O)N([H])C9=O)cc7C6=O)cc5)c4C#N)c3C#N)c2C#N)cc1,0.0008783933959147218,0.0008783933959147218,0.0008783933959147218,-150,9.096910013008056,1
[H]c1ccc(Oc2cccc(Oc3cccc(Oc4cccc(Oc5ccc(N6C(=O)c7ccc(Oc8ccc9c(c8)C(=O)N([H])C9=O)cc7C6=O)cc5)c4C#N)c3C#N)c2C#N)cc1,0.0007173840637470438,0.0007173840637470438,0.0007173840637470438,-150,9.795880017344075,1
[H]c1ccc(Oc2cccc(Oc3cccc(Oc4cccc(Oc5ccc(N6C(=O)c7ccc(Oc8ccc9c(c8)C(=O)N([H])C9=O)cc7C6=O)cc5)c4C#N)c3C#N)c2C#N)cc1,0.0005858877095100074,0.0005858877095100074,0.0005858877095100074,-150,10.494850021680094,1
[H]c1ccc(Oc2cccc(Oc3cccc(Oc4cccc(Oc5ccc(N6C(=O)c7ccc(Oc8ccc9c(c8)C(=O)N([H])C9=O)cc7C6=O)cc5)c4C#N)c3C#N)c2C#N)cc1,0.00047849461046522626,0.00047849461046522626,0.00047849461046522626,-150,11.193820026016112,1
[H]c1ccc(Oc2cccc(Oc3cccc(Oc4cccc(Oc5ccc(N6C(=O)c7ccc(Oc8ccc9c(c8)C(=O)N([H])C9=O)cc7C6=O)cc5)c4C#N)c3C#N)c2C#N)cc1,0.000390786644821945,0.000390786644821945,0.000390786644821945,-150,11.892790030352131,1
[H]c1ccc(Oc2cccc(Oc3cccc(Oc4cccc(Oc5ccc(N6C(=O)c7ccc(Oc8ccc9c(c8)C(=O)N([H])C9=O)cc7C6=O)cc5)c4C#N)c3C#N)c2C#N)cc1,0.0021610308155921203,0.0021610308155921203,0.0021610308155921203,-100,7.0,1
[H]c1ccc(Oc2cccc(Oc3cccc(Oc4cccc(Oc5ccc(N6C(=O)c7ccc(Oc8ccc9c(c8)C(=O)N([H])C9=O)cc7C6=O)cc5)c4C#N)c3C#N)c2C#N)cc1,0.0016122665146974698,0.0016122665146974698,0.0016122665146974698,-100,7.698970004336019,1
[H]c1ccc(Oc2cccc(Oc3cccc(Oc4cccc(Oc5ccc(N6C(=O)c7ccc(Oc8ccc9c(c8)C(=O)N([H])C9=O)cc7C6=O)cc5)c4C#N)c3C#N)c2C#N)cc1,0.0011924110481952106,0.0011924110481952106,0.0011924110481952106,-100,8.397940008672037,1
[H]c1ccc(Oc2cccc(Oc3cccc(Oc4cccc(Oc5ccc(N6C(=O)c7ccc(Oc8ccc9c(c8)C(=O)N([H])C9=O)cc7C6=O)cc5)c4C#N)c3C#N)c2C#N)cc1,0.0008762325849825177,0.0008762325849825177,0.0008762325849825177,-100,9.096910013008056,1
[H]c1ccc(Oc2cccc(Oc3cccc(Oc4cccc(Oc5ccc(N6C(=O)c7ccc(Oc8ccc9c(c8)C(=O)N([H])C9=O)cc7C6=O)cc5)c4C#N)c3C#N)c2C#N)cc1,0.0006408569191004628,0.0006408569191004628,0.0006408569191004628,-100,9.795880017344075,1
[H]c1ccc(Oc2cccc(Oc3cccc(Oc4cccc(Oc5ccc(N6C(=O)c7ccc(Oc8ccc9c(c8)C(=O)N([H])C9=O)cc7C6=O)cc5)c4C#N)c3C#N)c2C#N)cc1,0.0004670933045837136,0.0004670933045837136,0.0004670933045837136,-100,10.494850021680094,1
[H]c1ccc(Oc2cccc(Oc3cccc(Oc4cccc(Oc5ccc(N6C(=O)c7ccc(Oc8ccc9c(c8)C(=O)N([H])C9=O)cc7C6=O)cc5)c4C#N)c3C#N)c2C#N)cc1,0.0003395895853996427,0.0003395895853996427,0.0003395895853996427,-100,11.193820026016112,1
[H]c1ccc(Oc2cccc(Oc3cccc(Oc4cccc(Oc5ccc(N6C(=O)c7ccc(Oc8ccc9c(c8)C(=O)N([H])C9=O)cc7C6=O)cc5)c4C#N)c3C#N)c2C#N)cc1,0.00024644028866412836,0.00024644028866412836,0.00024644028866412836,-100,11.892790030352131,1
[H]c1ccc(Oc2cccc(Oc3cccc(Oc4cccc(Oc5ccc(N6C(=O)c7ccc(Oc8ccc9c(c8)C(=O)N([H])C9=O)cc7C6=O)cc5)c4C#N)c3C#N)c2C#N)cc1,0.0019483698626757036,0.0019483698626757036,0.0019483698626757036,-50,7.0,1
[H]c1ccc(Oc2cccc(Oc3cccc(Oc4cccc(Oc5ccc(N6C(=O)c7ccc(Oc8ccc9c(c8)C(=O)N([H])C9=O)cc7C6=O)cc5)c4C#N)c3C#N)c2C#N)cc1,0.0013528856097855862,0.0013528856097855862,0.0013528856097855862,-50,7.698970004336019,1
[H]c1ccc(Oc2cccc(Oc3cccc(Oc4cccc(Oc5ccc(N6C(=O)c7ccc(Oc8ccc9c(c8)C(=O)N([H])C9=O)cc7C6=O)cc5)c4C#N)c3C#N)c2C#N)cc1,0.00093243842784237,0.00093243842784237,0.00093243842784237,-50,8.397940008672037,1
[H]c1ccc(Oc2cccc(Oc3cccc(Oc4cccc(Oc5ccc(N6C(=O)c7ccc(Oc8ccc9c(c8)C(=O)N([H])C9=O)cc7C6=O)cc5)c4C#N)c3C#N)c2C#N)cc1,0.0006393767014425356,0.0006393767014425356,0.0006393767014425356,-50,9.096910013008056,1
[H]c1ccc(Oc2cccc(Oc3cccc(Oc4cccc(Oc5ccc(N6C(=O)c7ccc(Oc8ccc9c(c8)C(=O)N([H])C9=O)cc7C6=O)cc5)c4C#N)c3C#N)c2C#N)cc1,0.0004368893970278138,0.0004368893970278138,0.0004368893970278138,-50,9.795880017344075,1
[H]c1ccc(Oc2cccc(Oc3cccc(Oc4cccc(Oc5ccc(N6C(=O)c7ccc(Oc8ccc9c(c8)C(=O)N([H])C9=O)cc7C6=O)cc5)c4C#N)c3C#N)c2C#N)cc1,0.000297815429079025,0.000297815429079025,0.000297815429079025,-50,10.494850021680094,1
[H]c1ccc(Oc2cccc(Oc3cccc(Oc4cccc(Oc5ccc(N6C(=O)c7ccc(Oc8ccc9c(c8)C(=O)N([H])C9=O)cc7C6=O)cc5)c4C#N)c3C#N)c2C#N)cc1,0.0002026819442284613,0.0002026819442284613,0.0002026819442284613,-50,11.193820026016112,1
[H]c1ccc(Oc2cccc(Oc3cccc(Oc4cccc(Oc5ccc(N6C(=O)c7ccc(Oc8ccc9c(c8)C(=O)N([H])C9=O)cc7C6=O)cc5)c4C#N)c3C#N)c2C#N)cc1,0.0001377848347650297,0.0001377848347650297,0.0001377848347650297,-50,11.892790030352131,1
[H]c1ccc(Oc2cccc(Oc3cccc(Oc4cccc(Oc5ccc(N6C(=O)c7ccc(Oc8ccc9c(c8)C(=O)N([H])C9=O)cc7C6=O)cc5)c4C#N)c3C#N)c2C#N)cc1,0.0036198411251013012,0.0036198411251013012,0.0036198411251013012,0,7.0,1
[H]c1ccc(Oc2cccc(Oc3cccc(Oc4cccc(Oc5ccc(N6C(=O)c7ccc(Oc8ccc9c(c8)C(=O)N([H])C9=O)cc7C6=O)cc5)c4C#N)c3C#N)c2C#N)cc1,0.0028275299068177295,0.0028275299068177295,0.0028275299068177295,0,7.698970004336019,1
[H]c1ccc(Oc2cccc(Oc3cccc(Oc4cccc(Oc5ccc(N6C(=O)c7ccc(Oc8ccc9c(c8)C(=O)N([H])C9=O)cc7C6=O)cc5)c4C#N)c3C#N)c2C#N)cc1,0.0022086397728113593,0.0022086397728113593,0.0022086397728113593,0,8.397940008672037,1
[H]c1ccc(Oc2cccc(Oc3cccc(Oc4cccc(Oc5ccc(N6C(=O)c7ccc(Oc8ccc9c(c8)C(=O)N([H])C9=O)cc7C6=O)cc5)c4C#N)c3C#N)c2C#N)cc1,0.0017252123835828856,0.0017252123835828856,0.0017252123835828856,0,9.096910013008056,1
[H]c1ccc(Oc2cccc(Oc3cccc(Oc4cccc(Oc5ccc(N6C(=O)c7ccc(Oc8ccc9c(c8)C(=O)N([H])C9=O)cc7C6=O)cc5)c4C#N)c3C#N)c2C#N)cc1,0.0013475976484405338,0.0013475976484405338,0.0013475976484405338,0,9.795880017344075,1
[H]c1ccc(Oc2cccc(Oc3cccc(Oc4cccc(Oc5ccc(N6C(=O)c7ccc(Oc8ccc9c(c8)C(=O)N([H])C9=O)cc7C6=O)cc5)c4C#N)c3C#N)c2C#N)cc1,0.0010526352806354855,0.0010526352806354855,0.0010526352806354855,0,10.494850021680094,1
[H]c1ccc(Oc2cccc(Oc3cccc(Oc4cccc(Oc5ccc(N6C(=O)c7ccc(Oc8ccc9c(c8)C(=O)N([H])C9=O)cc7C6=O)cc5)c4C#N)c3C#N)c2C#N)cc1,0.0008222343184225985,0.0008222343184225985,0.0008222343184225985,0,11.193820026016112,1
[H]c1ccc(Oc2cccc(Oc3cccc(Oc4cccc(Oc5ccc(N6C(=O)c7ccc(Oc8ccc9c(c8)C(=O)N([H])C9=O)cc7C6=O)cc5)c4C#N)c3C#N)c2C#N)cc1,0.000642263552078339,0.000642263552078339,0.000642263552078339,0,11.892790030352131,1
[H]c1ccc(Oc2cccc(Oc3cccc(Oc4cccc(Oc5ccc(N6C(=O)c7ccc(Oc8ccc9c(c8)C(=O)N([H])C9=O)cc7C6=O)cc5)c4C#N)c3C#N)c2C#N)cc1,0.00397610058051981,0.00397610058051981,0.00397610058051981,50,7.0,1
[H]c1ccc(Oc2cccc(Oc3cccc(Oc4cccc(Oc5ccc(N6C(=O)c7ccc(Oc8ccc9c(c8)C(=O)N([H])C9=O)cc7C6=O)cc5)c4C#N)c3C#N)c2C#N)cc1,0.002827403248853472,0.002827403248853472,0.002827403248853472,50,7.698970004336019,1
[H]c1ccc(Oc2cccc(Oc3cccc(Oc4cccc(Oc5ccc(N6C(=O)c7ccc(Oc8ccc9c(c8)C(=O)N([H])C9=O)cc7C6=O)cc5)c4C#N)c3C#N)c2C#N)cc1,0.0020105650036510276,0.0020105650036510276,0.0020105650036510276,50,8.397940008672037,1
[H]c1ccc(Oc2cccc(Oc3cccc(Oc4cccc(Oc5ccc(N6C(=O)c7ccc(Oc8ccc9c(c8)C(=O)N([H])C9=O)cc7C6=O)cc5)c4C#N)c3C#N)c2C#N)cc1,0.0014297117291946944,0.0014297117291946944,0.0014297117291946944,50,9.096910013008056,1
[H]c1ccc(Oc2cccc(Oc3cccc(Oc4cccc(Oc5ccc(N6C(=O)c7ccc(Oc8ccc9c(c8)C(=O)N([H])C9=O)cc7C6=O)cc5)c4C#N)c3C#N)c2C#N)cc1,0.0010166672652947514,0.0010166672652947514,0.0010166672652947514,50,9.795880017344075,1
[H]c1ccc(Oc2cccc(Oc3cccc(Oc4cccc(Oc5ccc(N6C(=O)c7ccc(Oc8ccc9c(c8)C(=O)N([H])C9=O)cc7C6=O)cc5)c4C#N)c3C#N)c2C#N)cc1,0.0007229515620152936,0.0007229515620152936,0.0007229515620152936,50,10.494850021680094,1
[H]c1ccc(Oc2cccc(Oc3cccc(Oc4cccc(Oc5ccc(N6C(=O)c7ccc(Oc8ccc9c(c8)C(=O)N([H])C9=O)cc7C6=O)cc5)c4C#N)c3C#N)c2C#N)cc1,0.000514090478580906,0.000514090478580906,0.000514090478580906,50,11.193820026016112,1
[H]c1ccc(Oc2cccc(Oc3cccc(Oc4cccc(Oc5ccc(N6C(=O)c7ccc(Oc8ccc9c(c8)C(=O)N([H])C9=O)cc7C6=O)cc5)c4C#N)c3C#N)c2C#N)cc1,0.0003655694711081587,0.0003655694711081587,0.0003655694711081587,50,11.892790030352131,1
[H]c1ccc(Oc2cccc(Oc3cccc(Oc4cccc(Oc5ccc(N6C(=O)c7ccc(Oc8ccc9c(c8)C(=O)N([H])C9=O)cc7C6=O)cc5)c4C#N)c3C#N)c2C#N)cc1,0.008677370816582928,0.008677370816582928,0.008677370816582928,100,7.0,1
[H]c1ccc(Oc2cccc(Oc3cccc(Oc4cccc(Oc5ccc(N6C(=O)c7ccc(Oc8ccc9c(c8)C(=O)N([H])C9=O)cc7C6=O)cc5)c4C#N)c3C#N)c2C#N)cc1,0.006146556352470035,0.006146556352470035,0.006146556352470035,100,7.698970004336019,1
[H]c1ccc(Oc2cccc(Oc3cccc(Oc4cccc(Oc5ccc(N6C(=O)c7ccc(Oc8ccc9c(c8)C(=O)N([H])C9=O)cc7C6=O)cc5)c4C#N)c3C#N)c2C#N)cc1,0.004353870960801156,0.004353870960801156,0.004353870960801156,100,8.397940008672037,1
[H]c1ccc(Oc2cccc(Oc3cccc(Oc4cccc(Oc5ccc(N6C(=O)c7ccc(Oc8ccc9c(c8)C(=O)N([H])C9=O)cc7C6=O)cc5)c4C#N)c3C#N)c2C#N)cc1,0.0030840345451254884,0.0030840345451254884,0.0030840345451254884,100,9.096910013008056,1
[H]c1ccc(Oc2cccc(Oc3cccc(Oc4cccc(Oc5ccc(N6C(=O)c7ccc(Oc8ccc9c(c8)C(=O)N([H])C9=O)cc7C6=O)cc5)c4C#N)c3C#N)c2C#N)cc1,0.002184554650151531,0.002184554650151531,0.002184554650151531,100,9.795880017344075,1
[H]c1ccc(Oc2cccc(Oc3cccc(Oc4cccc(Oc5ccc(N6C(=O)c7ccc(Oc8ccc9c(c8)C(=O)N([H])C9=O)cc7C6=O)cc5)c4C#N)c3C#N)c2C#N)cc1,0.0015474142547588945,0.0015474142547588945,0.0015474142547588945,100,10.494850021680094,1
[H]c1ccc(Oc2cccc(Oc3cccc(Oc4cccc(Oc5ccc(N6C(=O)c7ccc(Oc8ccc9c(c8)C(=O)N([H])C9=O)cc7C6=O)cc5)c4C#N)c3C#N)c2C#N)cc1,0.0010961002396730603,0.0010961002396730603,0.0010961002396730603,100,11.193820026016112,1
[H]c1ccc(Oc2cccc(Oc3cccc(Oc4cccc(Oc5ccc(N6C(=O)c7ccc(Oc8ccc9c(c8)C(=O)N([H])C9=O)cc7C6=O)cc5)c4C#N)c3C#N)c2C#N)cc1,0.0007764150625433894,0.0007764150625433894,0.0007764150625433894,100,11.892790030352131,1
[H]c1ccc(Oc2cccc(Oc3cccc(Oc4cccc(Oc5ccc(N6C(=O)c7ccc(Oc8ccc9c(c8)C(=O)N([H])C9=O)cc7C6=O)cc5)c4C#N)c3C#N)c2C#N)cc1,0.019753063278014505,0.019753063278014505,0.019753063278014505,150,7.0,1
[H]c1ccc(Oc2cccc(Oc3cccc(Oc4cccc(Oc5ccc(N6C(=O)c7ccc(Oc8ccc9c(c8)C(=O)N([H])C9=O)cc7C6=O)cc5)c4C#N)c3C#N)c2C#N)cc1,0.013135407422465169,0.013135407422465169,0.013135407422465169,150,7.698970004336019,1
[H]c1ccc(Oc2cccc(Oc3cccc(Oc4cccc(Oc5ccc(N6C(=O)c7ccc(Oc8ccc9c(c8)C(=O)N([H])C9=O)cc7C6=O)cc5)c4C#N)c3C#N)c2C#N)cc1,0.008730090930576775,0.008730090930576775,0.008730090930576775,150,8.397940008672037,1
[H]c1ccc(Oc2cccc(Oc3cccc(Oc4cccc(Oc5ccc(N6C(=O)c7ccc(Oc8ccc9c(c8)C(=O)N([H])C9=O)cc7C6=O)cc5)c4C#N)c3C#N)c2C#N)cc1,0.005800745808406159,0.005800745808406159,0.005800745808406159,150,9.096910013008056,1
[H]c1ccc(Oc2cccc(Oc3cccc(Oc4cccc(Oc5ccc(N6C(=O)c7ccc(Oc8ccc9c(c8)C(=O)N([H])C9=O)cc7C6=O)cc5)c4C#N)c3C#N)c2C#N)cc1,0.0038538697357585593,0.0038538697357585593,0.0038538697357585593,150,9.795880017344075,1
[H]c1ccc(Oc2cccc(Oc3cccc(Oc4cccc(Oc5ccc(N6C(=O)c7ccc(Oc8ccc9c(c8)C(=O)N([H])C9=O)cc7C6=O)cc5)c4C#N)c3C#N)c2C#N)cc1,0.002560270205751352,0.002560270205751352,0.002560270205751352,150,10.494850021680094,1
[H]c1ccc(Oc2cccc(Oc3cccc(Oc4cccc(Oc5ccc(N6C(=O)c7ccc(Oc8ccc9c(c8)C(=O)N([H])C9=O)cc7C6=O)cc5)c4C#N)c3C#N)c2C#N)cc1,0.001700838480589892,0.001700838480589892,0.001700838480589892,150,11.193820026016112,1
[H]c1ccc(Oc2cccc(Oc3cccc(Oc4cccc(Oc5ccc(N6C(=O)c7ccc(Oc8ccc9c(c8)C(=O)N([H])C9=O)cc7C6=O)cc5)c4C#N)c3C#N)c2C#N)cc1,0.0011298867834923525,0.0011298867834923525,0.0011298867834923525,150,11.892790030352131,1
[H]c1ccc(Oc2cccc(Oc3cccc(Oc4cccc(Oc5ccc(N6C(=O)c7ccc(C(c8ccc9c(c8)C(=O)N([H])C9=O)(C(F)(F)F)C(F)(F)F)cc7C6=O)cc5)c4C#N)c3C#N)c2C#N)cc1,0.0024317879829510703,0.0024317879829510703,0.0024317879829510703,-100,7.0,1
[H]c1ccc(Oc2cccc(Oc3cccc(Oc4cccc(Oc5ccc(N6C(=O)c7ccc(C(c8ccc9c(c8)C(=O)N([H])C9=O)(C(F)(F)F)C(F)(F)F)cc7C6=O)cc5)c4C#N)c3C#N)c2C#N)cc1,0.0016824738866007044,0.0016824738866007044,0.0016824738866007044,-100,7.698970004336019,1
[H]c1ccc(Oc2cccc(Oc3cccc(Oc4cccc(Oc5ccc(N6C(=O)c7ccc(C(c8ccc9c(c8)C(=O)N([H])C9=O)(C(F)(F)F)C(F)(F)F)cc7C6=O)cc5)c4C#N)c3C#N)c2C#N)cc1,0.0011477770988814306,0.0011477770988814306,0.0011477770988814306,-100,8.397940008672037,1
[H]c1ccc(Oc2cccc(Oc3cccc(Oc4cccc(Oc5ccc(N6C(=O)c7ccc(C(c8ccc9c(c8)C(=O)N([H])C9=O)(C(F)(F)F)C(F)(F)F)cc7C6=O)cc5)c4C#N)c3C#N)c2C#N)cc1,0.0007755525348373154,0.0007755525348373154,0.0007755525348373154,-100,9.096910013008056,1
[H]c1ccc(Oc2cccc(Oc3cccc(Oc4cccc(Oc5ccc(N6C(=O)c7ccc(C(c8ccc9c(c8)C(=O)N([H])C9=O)(C(F)(F)F)C(F)(F)F)cc7C6=O)cc5)c4C#N)c3C#N)c2C#N)cc1,0.000520671842812526,0.000520671842812526,0.000520671842812526,-100,9.795880017344075,1
[H]c1ccc(Oc2cccc(Oc3cccc(Oc4cccc(Oc5ccc(N6C(=O)c7ccc(C(c8ccc9c(c8)C(=O)N([H])C9=O)(C(F)(F)F)C(F)(F)F)cc7C6=O)cc5)c4C#N)c3C#N)c2C#N)cc1,0.0003480486246817663,0.0003480486246817663,0.0003480486246817663,-100,10.494850021680094,1
[H]c1ccc(Oc2cccc(Oc3cccc(Oc4cccc(Oc5ccc(N6C(=O)c7ccc(C(c8ccc9c(c8)C(=O)N([H])C9=O)(C(F)(F)F)C(F)(F)F)cc7C6=O)cc5)c4C#N)c3C#N)c2C#N)cc1,0.00023198639684737945,0.00023198639684737945,0.00023198639684737945,-100,11.193820026016112,1
[H]c1ccc(Oc2cccc(Oc3cccc(Oc4cccc(Oc5ccc(N6C(=O)c7ccc(C(c8ccc9c(c8)C(=O)N([H])C9=O)(C(F)(F)F)C(F)(F)F)cc7C6=O)cc5)c4C#N)c3C#N)c2C#N)cc1,0.0001543300394409696,0.0001543300394409696,0.0001543300394409696,-100,11.892790030352131,1
[H]c1ccc(Oc2cccc(Oc3cccc(Oc4cccc(Oc5ccc(N6C(=O)c7ccc(C(c8ccc9c(c8)C(=O)N([H])C9=O)(C(F)(F)F)C(F)(F)F)cc7C6=O)cc5)c4C#N)c3C#N)c2C#N)cc1,0.0031816221414637243,0.0031816221414637243,0.0031816221414637243,-50,7.0,1
[H]c1ccc(Oc2cccc(Oc3cccc(Oc4cccc(Oc5ccc(N6C(=O)c7ccc(C(c8ccc9c(c8)C(=O)N([H])C9=O)(C(F)(F)F)C(F)(F)F)cc7C6=O)cc5)c4C#N)c3C#N)c2C#N)cc1,0.0019981838668592135,0.0019981838668592135,0.0019981838668592135,-50,7.698970004336019,1
[H]c1ccc(Oc2cccc(Oc3cccc(Oc4cccc(Oc5ccc(N6C(=O)c7ccc(C(c8ccc9c(c8)C(=O)N([H])C9=O)(C(F)(F)F)C(F)(F)F)cc7C6=O)cc5)c4C#N)c3C#N)c2C#N)cc1,0.0012341607964083206,0.0012341607964083206,0.0012341607964083206,-50,8.397940008672037,1
[H]c1ccc(Oc2cccc(Oc3cccc(Oc4cccc(Oc5ccc(N6C(=O)c7ccc(C(c8ccc9c(c8)C(=O)N([H])C9=O)(C(F)(F)F)C(F)(F)F)cc7C6=O)cc5)c4C#N)c3C#N)c2C#N)cc1,0.0007544924043130513,0.0007544924043130513,0.0007544924043130513,-50,9.096910013008056,1
[H]c1ccc(Oc2cccc(Oc3cccc(Oc4cccc(Oc5ccc(N6C(=O)c7ccc(C(c8ccc9c(c8)C(=O)N([H])C9=O)(C(F)(F)F)C(F)(F)F)cc7C6=O)cc5)c4C#N)c3C#N)c2C#N)cc1,0.0004583796531606754,0.0004583796531606754,0.0004583796531606754,-50,9.795880017344075,1
[H]c1ccc(Oc2cccc(Oc3cccc(Oc4cccc(Oc5ccc(N6C(=O)c7ccc(C(c8ccc9c(c8)C(=O)N([H])C9=O)(C(F)(F)F)C(F)(F)F)cc7C6=O)cc5)c4C#N)c3C#N)c2C#N)cc1,0.0002774287314124859,0.0002774287314124859,0.0002774287314124859,-50,10.494850021680094,1
[H]c1ccc(Oc2cccc(Oc3cccc(Oc4cccc(Oc5ccc(N6C(=O)c7ccc(C(c8ccc9c(c8)C(=O)N([H])C9=O)(C(F)(F)F)C(F)(F)F)cc7C6=O)cc5)c4C#N)c3C#N)c2C#N)cc1,0.00016752656429249406,0.00016752656429249406,0.00016752656429249406,-50,11.193820026016112,1
[H]c1ccc(Oc2cccc(Oc3cccc(Oc4cccc(Oc5ccc(N6C(=O)c7ccc(C(c8ccc9c(c8)C(=O)N([H])C9=O)(C(F)(F)F)C(F)(F)F)cc7C6=O)cc5)c4C#N)c3C#N)c2C#N)cc1,0.00010102207506473234,0.00010102207506473234,0.00010102207506473234,-50,11.892790030352131,1
[H]c1ccc(Oc2cccc(Oc3cccc(Oc4cccc(Oc5ccc(N6C(=O)c7ccc(C(c8ccc9c(c8)C(=O)N([H])C9=O)(C(F)(F)F)C(F)(F)F)cc7C6=O)cc5)c4C#N)c3C#N)c2C#N)cc1,0.0043889950474152225,0.0043889950474152225,0.0043889950474152225,0,7.0,1
[H]c1ccc(Oc2cccc(Oc3cccc(Oc4cccc(Oc5ccc(N6C(=O)c7ccc(C(c8ccc9c(c8)C(=O)N([H])C9=O)(C(F)(F)F)C(F)(F)F)cc7C6=O)cc5)c4C#N)c3C#N)c2C#N)cc1,0.0026847426876513477,0.0026847426876513477,0.0026847426876513477,0,7.698970004336019,1
[H]c1ccc(Oc2cccc(Oc3cccc(Oc4cccc(Oc5ccc(N6C(=O)c7ccc(C(c8ccc9c(c8)C(=O)N([H])C9=O)(C(F)(F)F)C(F)(F)F)cc7C6=O)cc5)c4C#N)c3C#N)c2C#N)cc1,0.0016082550735058605,0.0016082550735058605,0.0016082550735058605,0,8.397940008672037,1
[H]c1ccc(Oc2cccc(Oc3cccc(Oc4cccc(Oc5ccc(N6C(=O)c7ccc(C(c8ccc9c(c8)C(=O)N([H])C9=O)(C(F)(F)F)C(F)(F)F)cc7C6=O)cc5)c4C#N)c3C#N)c2C#N)cc1,0.0009514934281961605,0.0009514934281961605,0.0009514934281961605,0,9.096910013008056,1
[H]c1ccc(Oc2cccc(Oc3cccc(Oc4cccc(Oc5ccc(N6C(=O)c7ccc(C(c8ccc9c(c8)C(=O)N([H])C9=O)(C(F)(F)F)C(F)(F)F)cc7C6=O)cc5)c4C#N)c3C#N)c2C#N)cc1,0.0005588253084036204,0.0005588253084036204,0.0005588253084036204,0,9.795880017344075,1
[H]c1ccc(Oc2cccc(Oc3cccc(Oc4cccc(Oc5ccc(N6C(=O)c7ccc(C(c8ccc9c(c8)C(=O)N([H])C9=O)(C(F)(F)F)C(F)(F)F)cc7C6=O)cc5)c4C#N)c3C#N)c2C#N)cc1,0.000326801220061627,0.000326801220061627,0.000326801220061627,0,10.494850021680094,1
[H]c1ccc(Oc2cccc(Oc3cccc(Oc4cccc(Oc5ccc(N6C(=O)c7ccc(C(c8ccc9c(c8)C(=O)N([H])C9=O)(C(F)(F)F)C(F)(F)F)cc7C6=O)cc5)c4C#N)c3C#N)c2C#N)cc1,0.00019063552514692546,0.00019063552514692546,0.00019063552514692546,0,11.193820026016112,1
[H]c1ccc(Oc2cccc(Oc3cccc(Oc4cccc(Oc5ccc(N6C(=O)c7ccc(C(c8ccc9c(c8)C(=O)N([H])C9=O)(C(F)(F)F)C(F)(F)F)cc7C6=O)cc5)c4C#N)c3C#N)c2C#N)cc1,0.00011104277195608864,0.00011104277195608864,0.00011104277195608864,0,11.892790030352131,1
[H]c1ccc(Oc2cccc(Oc3cccc(Oc4cccc(Oc5ccc(N6C(=O)c7ccc(C(c8ccc9c(c8)C(=O)N([H])C9=O)(C(F)(F)F)C(F)(F)F)cc7C6=O)cc5)c4C#N)c3C#N)c2C#N)cc1,0.005935885627203937,0.005935885627203937,0.005935885627203937,25,7.0,1
[H]c1ccc(Oc2cccc(Oc3cccc(Oc4cccc(Oc5ccc(N6C(=O)c7ccc(C(c8ccc9c(c8)C(=O)N([H])C9=O)(C(F)(F)F)C(F)(F)F)cc7C6=O)cc5)c4C#N)c3C#N)c2C#N)cc1,0.004282821107122664,0.004282821107122664,0.004282821107122664,25,7.698970004336019,1
[H]c1ccc(Oc2cccc(Oc3cccc(Oc4cccc(Oc5ccc(N6C(=O)c7ccc(C(c8ccc9c(c8)C(=O)N([H])C9=O)(C(F)(F)F)C(F)(F)F)cc7C6=O)cc5)c4C#N)c3C#N)c2C#N)cc1,0.003058010104033876,0.003058010104033876,0.003058010104033876,25,8.397940008672037,1
[H]c1ccc(Oc2cccc(Oc3cccc(Oc4cccc(Oc5ccc(N6C(=O)c7ccc(C(c8ccc9c(c8)C(=O)N([H])C9=O)(C(F)(F)F)C(F)(F)F)cc7C6=O)cc5)c4C#N)c3C#N)c2C#N)cc1,0.0021672902012444873,0.0021672902012444873,0.0021672902012444873,25,9.096910013008056,1
[H]c1ccc(Oc2cccc(Oc3cccc(Oc4cccc(Oc5ccc(N6C(=O)c7ccc(C(c8ccc9c(c8)C(=O)N([H])C9=O)(C(F)(F)F)C(F)(F)F)cc7C6=O)cc5)c4C#N)c3C#N)c2C#N)cc1,0.0015279507647822574,0.0015279507647822574,0.0015279507647822574,25,9.795880017344075,1
[H]c1ccc(Oc2cccc(Oc3cccc(Oc4cccc(Oc5ccc(N6C(=O)c7ccc(C(c8ccc9c(c8)C(=O)N([H])C9=O)(C(F)(F)F)C(F)(F)F)cc7C6=O)cc5)c4C#N)c3C#N)c2C#N)cc1,0.001073228260446953,0.001073228260446953,0.001073228260446953,25,10.494850021680094,1
[H]c1ccc(Oc2cccc(Oc3cccc(Oc4cccc(Oc5ccc(N6C(=O)c7ccc(C(c8ccc9c(c8)C(=O)N([H])C9=O)(C(F)(F)F)C(F)(F)F)cc7C6=O)cc5)c4C#N)c3C#N)c2C#N)cc1,0.0007518743888658498,0.0007518743888658498,0.0007518743888658498,25,11.193820026016112,1
[H]c1ccc(Oc2cccc(Oc3cccc(Oc4cccc(Oc5ccc(N6C(=O)c7ccc(C(c8ccc9c(c8)C(=O)N([H])C9=O)(C(F)(F)F)C(F)(F)F)cc7C6=O)cc5)c4C#N)c3C#N)c2C#N)cc1,0.0005257843405748282,0.0005257843405748282,0.0005257843405748282,25,11.892790030352131,1
[H]c1ccc(Oc2cccc(Oc3cccc(Oc4cccc(Oc5ccc(N6C(=O)c7ccc(C(c8ccc9c(c8)C(=O)N([H])C9=O)(C(F)(F)F)C(F)(F)F)cc7C6=O)cc5)c4C#N)c3C#N)c2C#N)cc1,0.006676962901815789,0.006676962901815789,0.006676962901815789,50,7.0,1
[H]c1ccc(Oc2cccc(Oc3cccc(Oc4cccc(Oc5ccc(N6C(=O)c7ccc(C(c8ccc9c(c8)C(=O)N([H])C9=O)(C(F)(F)F)C(F)(F)F)cc7C6=O)cc5)c4C#N)c3C#N)c2C#N)cc1,0.005214201067723209,0.005214201067723209,0.005214201067723209,50,7.698970004336019,1
[H]c1ccc(Oc2cccc(Oc3cccc(Oc4cccc(Oc5ccc(N6C(=O)c7ccc(C(c8ccc9c(c8)C(=O)N([H])C9=O)(C(F)(F)F)C(F)(F)F)cc7C6=O)cc5)c4C#N)c3C#N)c2C#N)cc1,0.004071894962063669,0.004071894962063669,0.004071894962063669,50,8.397940008672037,1
[H]c1ccc(Oc2cccc(Oc3cccc(Oc4cccc(Oc5ccc(N6C(=O)c7ccc(C(c8ccc9c(c8)C(=O)N([H])C9=O)(C(F)(F)F)C(F)(F)F)cc7C6=O)cc5)c4C#N)c3C#N)c2C#N)cc1,0.0031798406359246655,0.0031798406359246655,0.0031798406359246655,50,9.096910013008056,1
[H]c1ccc(Oc2cccc(Oc3cccc(Oc4cccc(Oc5ccc(N6C(=O)c7ccc(C(c8ccc9c(c8)C(=O)N([H])C9=O)(C(F)(F)F)C(F)(F)F)cc7C6=O)cc5)c4C#N)c3C#N)c2C#N)cc1,0.0024832139695728987,0.0024832139695728987,0.0024832139695728987,50,9.795880017344075,1
[H]c1ccc(Oc2cccc(Oc3cccc(Oc4cccc(Oc5ccc(N6C(=O)c7ccc(C(c8ccc9c(c8)C(=O)N([H])C9=O)(C(F)(F)F)C(F)(F)F)cc7C6=O)cc5)c4C#N)c3C#N)c2C#N)cc1,0.001939201464025822,0.001939201464025822,0.001939201464025822,50,10.494850021680094,1
[H]c1ccc(Oc2cccc(Oc3cccc(Oc4cccc(Oc5ccc(N6C(=O)c7ccc(C(c8ccc9c(c8)C(=O)N([H])C9=O)(C(F)(F)F)C(F)(F)F)cc7C6=O)cc5)c4C#N)c3C#N)c2C#N)cc1,0.0015143690249403376,0.0015143690249403376,0.0015143690249403376,50,11.193820026016112,1
[H]c1ccc(Oc2cccc(Oc3cccc(Oc4cccc(Oc5ccc(N6C(=O)c7ccc(C(c8ccc9c(c8)C(=O)N([H])C9=O)(C(F)(F)F)C(F)(F)F)cc7C6=O)cc5)c4C#N)c3C#N)c2C#N)cc1,0.001182607163933409,0.001182607163933409,0.001182607163933409,50,11.892790030352131,1
[H]c1ccc(Oc2cccc(Oc3cccc(Oc4cccc(Oc5ccc(N6C(=O)c7ccc(C(c8ccc9c(c8)C(=O)N([H])C9=O)(C(F)(F)F)C(F)(F)F)cc7C6=O)cc5)c4C#N)c3C#N)c2C#N)cc1,0.009457891766381425,0.009457891766381425,0.009457891766381425,100,7.0,1
[H]c1ccc(Oc2cccc(Oc3cccc(Oc4cccc(Oc5ccc(N6C(=O)c7ccc(C(c8ccc9c(c8)C(=O)N([H])C9=O)(C(F)(F)F)C(F)(F)F)cc7C6=O)cc5)c4C#N)c3C#N)c2C#N)cc1,0.006818318074959968,0.006818318074959968,0.006818318074959968,100,7.698970004336019,1
[H]c1ccc(Oc2cccc(Oc3cccc(Oc4cccc(Oc5ccc(N6C(=O)c7ccc(C(c8ccc9c(c8)C(=O)N([H])C9=O)(C(F)(F)F)C(F)(F)F)cc7C6=O)cc5)c4C#N)c3C#N)c2C#N)cc1,0.004915414462658317,0.004915414462658317,0.004915414462658317,100,8.397940008672037,1
[H]c1ccc(Oc2cccc(Oc3cccc(Oc4cccc(Oc5ccc(N6C(=O)c7ccc(C(c8ccc9c(c8)C(=O)N([H])C9=O)(C(F)(F)F)C(F)(F)F)cc7C6=O)cc5)c4C#N)c3C#N)c2C#N)cc1,0.0035435863685194056,0.0035435863685194056,0.0035435863685194056,100,9.096910013008056,1
[H]c1ccc(Oc2cccc(Oc3cccc(Oc4cccc(Oc5ccc(N6C(=O)c7ccc(C(c8ccc9c(c8)C(=O)N([H])C9=O)(C(F)(F)F)C(F)(F)F)cc7C6=O)cc5)c4C#N)c3C#N)c2C#N)cc1,0.0025546176034295493,0.0025546176034295493,0.0025546176034295493,100,9.795880017344075,1
[H]c1ccc(Oc2cccc(Oc3cccc(Oc4cccc(Oc5ccc(N6C(=O)c7ccc(C(c8ccc9c(c8)C(=O)N([H])C9=O)(C(F)(F)F)C(F)(F)F)cc7C6=O)cc5)c4C#N)c3C#N)c2C#N)cc1,0.001841657128471356,0.001841657128471356,0.001841657128471356,100,10.494850021680094,1
[H]c1ccc(Oc2cccc(Oc3cccc(Oc4cccc(Oc5ccc(N6C(=O)c7ccc(C(c8ccc9c(c8)C(=O)N([H])C9=O)(C(F)(F)F)C(F)(F)F)cc7C6=O)cc5)c4C#N)c3C#N)c2C#N)cc1,0.0013276746288366404,0.0013276746288366404,0.0013276746288366404,100,11.193820026016112,1
[H]c1ccc(Oc2cccc(Oc3cccc(Oc4cccc(Oc5ccc(N6C(=O)c7ccc(C(c8ccc9c(c8)C(=O)N([H])C9=O)(C(F)(F)F)C(F)(F)F)cc7C6=O)cc5)c4C#N)c3C#N)c2C#N)cc1,0.0009571379453668579,0.0009571379453668579,0.0009571379453668579,100,11.892790030352131,1
[H]c1ccc(Oc2cccc(Oc3cccc(Oc4cccc(Oc5ccc(N6C(=O)c7ccc(C(c8ccc9c(c8)C(=O)N([H])C9=O)(C(F)(F)F)C(F)(F)F)cc7C6=O)cc5)c4C#N)c3C#N)c2C#N)cc1,0.01689394664932618,0.01689394664932618,0.01689394664932618,150,7.0,1
[H]c1ccc(Oc2cccc(Oc3cccc(Oc4cccc(Oc5ccc(N6C(=O)c7ccc(C(c8ccc9c(c8)C(=O)N([H])C9=O)(C(F)(F)F)C(F)(F)F)cc7C6=O)cc5)c4C#N)c3C#N)c2C#N)cc1,0.011427557940506155,0.011427557940506155,0.011427557940506155,150,7.698970004336019,1
[H]c1ccc(Oc2cccc(Oc3cccc(Oc4cccc(Oc5ccc(N6C(=O)c7ccc(C(c8ccc9c(c8)C(=O)N([H])C9=O)(C(F)(F)F)C(F)(F)F)cc7C6=O)cc5)c4C#N)c3C#N)c2C#N)cc1,0.007728877402903195,0.007728877402903195,0.007728877402903195,150,8.397940008672037,1
[H]c1ccc(Oc2cccc(Oc3cccc(Oc4cccc(Oc5ccc(N6C(=O)c7ccc(C(c8ccc9c(c8)C(=O)N([H])C9=O)(C(F)(F)F)C(F)(F)F)cc7C6=O)cc5)c4C#N)c3C#N)c2C#N)cc1,0.005227031842077792,0.005227031842077792,0.005227031842077792,150,9.096910013008056,1
[H]c1ccc(Oc2cccc(Oc3cccc(Oc4cccc(Oc5ccc(N6C(=O)c7ccc(C(c8ccc9c(c8)C(=O)N([H])C9=O)(C(F)(F)F)C(F)(F)F)cc7C6=O)cc5)c4C#N)c3C#N)c2C#N)cc1,0.0035349555194575904,0.0035349555194575904,0.0035349555194575904,150,9.795880017344075,1
[H]c1ccc(Oc2cccc(Oc3cccc(Oc4cccc(Oc5ccc(N6C(=O)c7ccc(C(c8ccc9c(c8)C(=O)N([H])C9=O)(C(F)(F)F)C(F)(F)F)cc7C6=O)cc5)c4C#N)c3C#N)c2C#N)cc1,0.0023906098523038054,0.0023906098523038054,0.0023906098523038054,150,10.494850021680094,1
[H]c1ccc(Oc2cccc(Oc3cccc(Oc4cccc(Oc5ccc(N6C(=O)c7ccc(C(c8ccc9c(c8)C(=O)N([H])C9=O)(C(F)(F)F)C(F)(F)F)cc7C6=O)cc5)c4C#N)c3C#N)c2C#N)cc1,0.001616708784513102,0.001616708784513102,0.001616708784513102,150,11.193820026016112,1
[H]c1ccc(Oc2cccc(Oc3cccc(Oc4cccc(Oc5ccc(N6C(=O)c7ccc(C(c8ccc9c(c8)C(=O)N([H])C9=O)(C(F)(F)F)C(F)(F)F)cc7C6=O)cc5)c4C#N)c3C#N)c2C#N)cc1,0.001093337421841371,0.001093337421841371,0.001093337421841371,150,11.892790030352131,1
[H]c1ccc(Oc2cccc(Oc3cccc(Oc4cccc(Oc5ccc(N6C(=O)c7ccc(C(c8ccc9c(c8)C(=O)N([H])C9=O)(C(F)(F)F)C(F)(F)F)cc7C6=O)cc5)c4C#N)c3C#N)c2C#N)cc1,0.023737812223329453,0.023737812223329453,0.023737812223329453,190,7.0,1
[H]c1ccc(Oc2cccc(Oc3cccc(Oc4cccc(Oc5ccc(N6C(=O)c7ccc(C(c8ccc9c(c8)C(=O)N([H])C9=O)(C(F)(F)F)C(F)(F)F)cc7C6=O)cc5)c4C#N)c3C#N)c2C#N)cc1,0.014122176248471034,0.014122176248471034,0.014122176248471034,190,7.698970004336019,1
[H]c1ccc(Oc2cccc(Oc3cccc(Oc4cccc(Oc5ccc(N6C(=O)c7ccc(C(c8ccc9c(c8)C(=O)N([H])C9=O)(C(F)(F)F)C(F)(F)F)cc7C6=O)cc5)c4C#N)c3C#N)c2C#N)cc1,0.00834931131466248,0.00834931131466248,0.00834931131466248,190,8.397940008672037,1
[H]c1ccc(Oc2cccc(Oc3cccc(Oc4cccc(Oc5ccc(N6C(=O)c7ccc(C(c8ccc9c(c8)C(=O)N([H])C9=O)(C(F)(F)F)C(F)(F)F)cc7C6=O)cc5)c4C#N)c3C#N)c2C#N)cc1,0.004918132126056371,0.004918132126056371,0.004918132126056371,190,9.096910013008056,1
[H]c1ccc(Oc2cccc(Oc3cccc(Oc4cccc(Oc5ccc(N6C(=O)c7ccc(C(c8ccc9c(c8)C(=O)N([H])C9=O)(C(F)(F)F)C(F)(F)F)cc7C6=O)cc5)c4C#N)c3C#N)c2C#N)cc1,0.0028907391754768954,0.0028907391754768954,0.0028907391754768954,190,9.795880017344075,1
[H]c1ccc(Oc2cccc(Oc3cccc(Oc4cccc(Oc5ccc(N6C(=O)c7ccc(C(c8ccc9c(c8)C(=O)N([H])C9=O)(C(F)(F)F)C(F)(F)F)cc7C6=O)cc5)c4C#N)c3C#N)c2C#N)cc1,0.0016969346091218495,0.0016969346091218495,0.0016969346091218495,190,10.494850021680094,1
[H]c1ccc(Oc2cccc(Oc3cccc(Oc4cccc(Oc5ccc(N6C(=O)c7ccc(C(c8ccc9c(c8)C(=O)N([H])C9=O)(C(F)(F)F)C(F)(F)F)cc7C6=O)cc5)c4C#N)c3C#N)c2C#N)cc1,0.0009953988358671827,0.0009953988358671827,0.0009953988358671827,190,11.193820026016112,1
[H]c1ccc(Oc2cccc(Oc3cccc(Oc4cccc(Oc5ccc(N6C(=O)c7ccc(C(c8ccc9c(c8)C(=O)N([H])C9=O)(C(F)(F)F)C(F)(F)F)cc7C6=O)cc5)c4C#N)c3C#N)c2C#N)cc1,0.000583631935298032,0.000583631935298032,0.000583631935298032,190,11.892790030352131,1
[H]c1ccc(Oc2cccc(Oc3cccc(Oc4cccc(Oc5ccc(N6C(=O)c7ccc(C(=O)c8ccc9c(c8)C(=O)N([H])C9=O)cc7C6=O)cc5)c4C#N)c3C#N)c2C#N)cc1,0.0015239597797674844,0.0015239597797674844,0.0015239597797674844,-150,7.0,1
[H]c1ccc(Oc2cccc(Oc3cccc(Oc4cccc(Oc5ccc(N6C(=O)c7ccc(C(=O)c8ccc9c(c8)C(=O)N([H])C9=O)cc7C6=O)cc5)c4C#N)c3C#N)c2C#N)cc1,0.0012773492885750995,0.0012773492885750995,0.0012773492885750995,-150,7.698970004336019,1
[H]c1ccc(Oc2cccc(Oc3cccc(Oc4cccc(Oc5ccc(N6C(=O)c7ccc(C(=O)c8ccc9c(c8)C(=O)N([H])C9=O)cc7C6=O)cc5)c4C#N)c3C#N)c2C#N)cc1,0.0010706458161163998,0.0010706458161163998,0.0010706458161163998,-150,8.397940008672037,1
[H]c1ccc(Oc2cccc(Oc3cccc(Oc4cccc(Oc5ccc(N6C(=O)c7ccc(C(=O)c8ccc9c(c8)C(=O)N([H])C9=O)cc7C6=O)cc5)c4C#N)c3C#N)c2C#N)cc1,0.0008973915496680309,0.0008973915496680309,0.0008973915496680309,-150,9.096910013008056,1
[H]c1ccc(Oc2cccc(Oc3cccc(Oc4cccc(Oc5ccc(N6C(=O)c7ccc(C(=O)c8ccc9c(c8)C(=O)N([H])C9=O)cc7C6=O)cc5)c4C#N)c3C#N)c2C#N)cc1,0.0007521736698043234,0.0007521736698043234,0.0007521736698043234,-150,9.795880017344075,1
[H]c1ccc(Oc2cccc(Oc3cccc(Oc4cccc(Oc5ccc(N6C(=O)c7ccc(C(=O)c8ccc9c(c8)C(=O)N([H])C9=O)cc7C6=O)cc5)c4C#N)c3C#N)c2C#N)cc1,0.0006304552674217071,0.0006304552674217071,0.0006304552674217071,-150,10.494850021680094,1
[H]c1ccc(Oc2cccc(Oc3cccc(Oc4cccc(Oc5ccc(N6C(=O)c7ccc(C(=O)c8ccc9c(c8)C(=O)N([H])C9=O)cc7C6=O)cc5)c4C#N)c3C#N)c2C#N)cc1,0.000528433605375289,0.000528433605375289,0.000528433605375289,-150,11.193820026016112,1
[H]c1ccc(Oc2cccc(Oc3cccc(Oc4cccc(Oc5ccc(N6C(=O)c7ccc(C(=O)c8ccc9c(c8)C(=O)N([H])C9=O)cc7C6=O)cc5)c4C#N)c3C#N)c2C#N)cc1,0.0004429213137191461,0.0004429213137191461,0.0004429213137191461,-150,11.892790030352131,1
[H]c1ccc(Oc2cccc(Oc3cccc(Oc4cccc(Oc5ccc(N6C(=O)c7ccc(C(=O)c8ccc9c(c8)C(=O)N([H])C9=O)cc7C6=O)cc5)c4C#N)c3C#N)c2C#N)cc1,0.0018524800951768747,0.0018524800951768747,0.0018524800951768747,-50,7.0,1
[H]c1ccc(Oc2cccc(Oc3cccc(Oc4cccc(Oc5ccc(N6C(=O)c7ccc(C(=O)c8ccc9c(c8)C(=O)N([H])C9=O)cc7C6=O)cc5)c4C#N)c3C#N)c2C#N)cc1,0.0014371683831731765,0.0014371683831731765,0.0014371683831731765,-50,7.698970004336019,1
[H]c1ccc(Oc2cccc(Oc3cccc(Oc4cccc(Oc5ccc(N6C(=O)c7ccc(C(=O)c8ccc9c(c8)C(=O)N([H])C9=O)cc7C6=O)cc5)c4C#N)c3C#N)c2C#N)cc1,0.0011149662998868638,0.0011149662998868638,0.0011149662998868638,-50,8.397940008672037,1
[H]c1ccc(Oc2cccc(Oc3cccc(Oc4cccc(Oc5ccc(N6C(=O)c7ccc(C(=O)c8ccc9c(c8)C(=O)N([H])C9=O)cc7C6=O)cc5)c4C#N)c3C#N)c2C#N)cc1,0.0008649994352059605,0.0008649994352059605,0.0008649994352059605,-50,9.096910013008056,1
[H]c1ccc(Oc2cccc(Oc3cccc(Oc4cccc(Oc5ccc(N6C(=O)c7ccc(C(=O)c8ccc9c(c8)C(=O)N([H])C9=O)cc7C6=O)cc5)c4C#N)c3C#N)c2C#N)cc1,0.000671073216976707,0.000671073216976707,0.000671073216976707,-50,9.795880017344075,1
[H]c1ccc(Oc2cccc(Oc3cccc(Oc4cccc(Oc5ccc(N6C(=O)c7ccc(C(=O)c8ccc9c(c8)C(=O)N([H])C9=O)cc7C6=O)cc5)c4C#N)c3C#N)c2C#N)cc1,0.0005206237646724791,0.0005206237646724791,0.0005206237646724791,-50,10.494850021680094,1
[H]c1ccc(Oc2cccc(Oc3cccc(Oc4cccc(Oc5ccc(N6C(=O)c7ccc(C(=O)c8ccc9c(c8)C(=O)N([H])C9=O)cc7C6=O)cc5)c4C#N)c3C#N)c2C#N)cc1,0.000403903922056632,0.000403903922056632,0.000403903922056632,-50,11.193820026016112,1
[H]c1ccc(Oc2cccc(Oc3cccc(Oc4cccc(Oc5ccc(N6C(=O)c7ccc(C(=O)c8ccc9c(c8)C(=O)N([H])C9=O)cc7C6=O)cc5)c4C#N)c3C#N)c2C#N)cc1,0.0003133517701659847,0.0003133517701659847,0.0003133517701659847,-50,11.892790030352131,1
[H]c1ccc(Oc2cccc(Oc3cccc(Oc4cccc(Oc5ccc(N6C(=O)c7ccc(C(=O)c8ccc9c(c8)C(=O)N([H])C9=O)cc7C6=O)cc5)c4C#N)c3C#N)c2C#N)cc1,0.006347063309174454,0.006347063309174454,0.006347063309174454,100,7.0,1
[H]c1ccc(Oc2cccc(Oc3cccc(Oc4cccc(Oc5ccc(N6C(=O)c7ccc(C(=O)c8ccc9c(c8)C(=O)N([H])C9=O)cc7C6=O)cc5)c4C#N)c3C#N)c2C#N)cc1,0.004591282881538877,0.004591282881538877,0.004591282881538877,100,7.698970004336019,1
[H]c1ccc(Oc2cccc(Oc3cccc(Oc4cccc(Oc5ccc(N6C(=O)c7ccc(C(=O)c8ccc9c(c8)C(=O)N([H])C9=O)cc7C6=O)cc5)c4C#N)c3C#N)c2C#N)cc1,0.003321201653449532,0.003321201653449532,0.003321201653449532,100,8.397940008672037,1
[H]c1ccc(Oc2cccc(Oc3cccc(Oc4cccc(Oc5ccc(N6C(=O)c7ccc(C(=O)c8ccc9c(c8)C(=O)N([H])C9=O)cc7C6=O)cc5)c4C#N)c3C#N)c2C#N)cc1,0.0024024614834457928,0.0024024614834457928,0.0024024614834457928,100,9.096910013008056,1
[H]c1ccc(Oc2cccc(Oc3cccc(Oc4cccc(Oc5ccc(N6C(=O)c7ccc(C(=O)c8ccc9c(c8)C(=O)N([H])C9=O)cc7C6=O)cc5)c4C#N)c3C#N)c2C#N)cc1,0.0017378713390543623,0.0017378713390543623,0.0017378713390543623,100,9.795880017344075,1
[H]c1ccc(Oc2cccc(Oc3cccc(Oc4cccc(Oc5ccc(N6C(=O)c7ccc(C(=O)c8ccc9c(c8)C(=O)N([H])C9=O)cc7C6=O)cc5)c4C#N)c3C#N)c2C#N)cc1,0.0012571259978067912,0.0012571259978067912,0.0012571259978067912,100,10.494850021680094,1
[H]c1ccc(Oc2cccc(Oc3cccc(Oc4cccc(Oc5ccc(N6C(=O)c7ccc(C(=O)c8ccc9c(c8)C(=O)N([H])C9=O)cc7C6=O)cc5)c4C#N)c3C#N)c2C#N)cc1,0.0009093686849457792,0.0009093686849457792,0.0009093686849457792,100,11.193820026016112,1
[H]c1ccc(Oc2cccc(Oc3cccc(Oc4cccc(Oc5ccc(N6C(=O)c7ccc(C(=O)c8ccc9c(c8)C(=O)N([H])C9=O)cc7C6=O)cc5)c4C#N)c3C#N)c2C#N)cc1,0.0006578110758872971,0.0006578110758872971,0.0006578110758872971,100,11.892790030352131,1
[H]c1ccc(Oc2cccc(Oc3cccc(Oc4cccc(Oc5ccc(N6C(=O)c7ccc(C(=O)c8ccc9c(c8)C(=O)N([H])C9=O)cc7C6=O)cc5)c4C#N)c3C#N)c2C#N)cc1,0.01040655280008452,0.01040655280008452,0.01040655280008452,150,7.0,1
[H]c1ccc(Oc2cccc(Oc3cccc(Oc4cccc(Oc5ccc(N6C(=O)c7ccc(C(=O)c8ccc9c(c8)C(=O)N([H])C9=O)cc7C6=O)cc5)c4C#N)c3C#N)c2C#N)cc1,0.006621497590000693,0.006621497590000693,0.006621497590000693,150,7.698970004336019,1
[H]c1ccc(Oc2cccc(Oc3cccc(Oc4cccc(Oc5ccc(N6C(=O)c7ccc(C(=O)c8ccc9c(c8)C(=O)N([H])C9=O)cc7C6=O)cc5)c4C#N)c3C#N)c2C#N)cc1,0.004206206919117148,0.004206206919117148,0.004206206919117148,150,8.397940008672037,1
[H]c1ccc(Oc2cccc(Oc3cccc(Oc4cccc(Oc5ccc(N6C(=O)c7ccc(C(=O)c8ccc9c(c8)C(=O)N([H])C9=O)cc7C6=O)cc5)c4C#N)c3C#N)c2C#N)cc1,0.002669563577582271,0.002669563577582271,0.002669563577582271,150,9.096910013008056,1
[H]c1ccc(Oc2cccc(Oc3cccc(Oc4cccc(Oc5ccc(N6C(=O)c7ccc(C(=O)c8ccc9c(c8)C(=O)N([H])C9=O)cc7C6=O)cc5)c4C#N)c3C#N)c2C#N)cc1,0.0016934912544460561,0.0016934912544460561,0.0016934912544460561,150,9.795880017344075,1
[H]c1ccc(Oc2cccc(Oc3cccc(Oc4cccc(Oc5ccc(N6C(=O)c7ccc(C(=O)c8ccc9c(c8)C(=O)N([H])C9=O)cc7C6=O)cc5)c4C#N)c3C#N)c2C#N)cc1,0.0010740249883900395,0.0010740249883900395,0.0010740249883900395,150,10.494850021680094,1
[H]c1ccc(Oc2cccc(Oc3cccc(Oc4cccc(Oc5ccc(N6C(=O)c7ccc(C(=O)c8ccc9c(c8)C(=O)N([H])C9=O)cc7C6=O)cc5)c4C#N)c3C#N)c2C#N)cc1,0.0006810609909182994,0.0006810609909182994,0.0006810609909182994,150,11.193820026016112,1
[H]c1ccc(Oc2cccc(Oc3cccc(Oc4cccc(Oc5ccc(N6C(=O)c7ccc(C(=O)c8ccc9c(c8)C(=O)N([H])C9=O)cc7C6=O)cc5)c4C#N)c3C#N)c2C#N)cc1,0.0004318425987081142,0.0004318425987081142,0.0004318425987081142,150,11.892790030352131,1
[H]c1ccc(Oc2cccc(Oc3cccc(Oc4cccc(Oc5ccc(-n6c(=O)c7cc8c(=O)n([H])c(=O)c8cc7c6=O)cc5)c4C#N)c3C#N)c2C#N)cc1,0.0011107075477912911,0.0011107075477912911,0.0011107075477912911,-150,7.0,1
[H]c1ccc(Oc2cccc(Oc3cccc(Oc4cccc(Oc5ccc(-n6c(=O)c7cc8c(=O)n([H])c(=O)c8cc7c6=O)cc5)c4C#N)c3C#N)c2C#N)cc1,0.0008504446439260822,0.0008504446439260822,0.0008504446439260822,-150,7.698970004336019,1
[H]c1ccc(Oc2cccc(Oc3cccc(Oc4cccc(Oc5ccc(-n6c(=O)c7cc8c(=O)n([H])c(=O)c8cc7c6=O)cc5)c4C#N)c3C#N)c2C#N)cc1,0.0006511669467560337,0.0006511669467560337,0.0006511669467560337,-150,8.397940008672037,1
[H]c1ccc(Oc2cccc(Oc3cccc(Oc4cccc(Oc5ccc(-n6c(=O)c7cc8c(=O)n([H])c(=O)c8cc7c6=O)cc5)c4C#N)c3C#N)c2C#N)cc1,0.0004985843461332879,0.0004985843461332879,0.0004985843461332879,-150,9.096910013008056,1
[H]c1ccc(Oc2cccc(Oc3cccc(Oc4cccc(Oc5ccc(-n6c(=O)c7cc8c(=O)n([H])c(=O)c8cc7c6=O)cc5)c4C#N)c3C#N)c2C#N)cc1,0.00038175517164009776,0.00038175517164009776,0.00038175517164009776,-150,9.795880017344075,1
[H]c1ccc(Oc2cccc(Oc3cccc(Oc4cccc(Oc5ccc(-n6c(=O)c7cc8c(=O)n([H])c(=O)c8cc7c6=O)cc5)c4C#N)c3C#N)c2C#N)cc1,0.0002923016178185533,0.0002923016178185533,0.0002923016178185533,-150,10.494850021680094,1
[H]c1ccc(Oc2cccc(Oc3cccc(Oc4cccc(Oc5ccc(-n6c(=O)c7cc8c(=O)n([H])c(=O)c8cc7c6=O)cc5)c4C#N)c3C#N)c2C#N)cc1,0.00022380898051196498,0.00022380898051196498,0.00022380898051196498,-150,11.193820026016112,1
[H]c1ccc(Oc2cccc(Oc3cccc(Oc4cccc(Oc5ccc(-n6c(=O)c7cc8c(=O)n([H])c(=O)c8cc7c6=O)cc5)c4C#N)c3C#N)c2C#N)cc1,0.0001713656603426544,0.0001713656603426544,0.0001713656603426544,-150,11.892790030352131,1
[H]c1ccc(Oc2cccc(Oc3cccc(Oc4cccc(Oc5ccc(-n6c(=O)c7cc8c(=O)n([H])c(=O)c8cc7c6=O)cc5)c4C#N)c3C#N)c2C#N)cc1,0.0020322015209640245,0.0020322015209640245,0.0020322015209640245,-50,7.0,1
[H]c1ccc(Oc2cccc(Oc3cccc(Oc4cccc(Oc5ccc(-n6c(=O)c7cc8c(=O)n([H])c(=O)c8cc7c6=O)cc5)c4C#N)c3C#N)c2C#N)cc1,0.0015409370601047973,0.0015409370601047973,0.0015409370601047973,-50,7.698970004336019,1
[H]c1ccc(Oc2cccc(Oc3cccc(Oc4cccc(Oc5ccc(-n6c(=O)c7cc8c(=O)n([H])c(=O)c8cc7c6=O)cc5)c4C#N)c3C#N)c2C#N)cc1,0.0011684308402146633,0.0011684308402146633,0.0011684308402146633,-50,8.397940008672037,1
[H]c1ccc(Oc2cccc(Oc3cccc(Oc4cccc(Oc5ccc(-n6c(=O)c7cc8c(=O)n([H])c(=O)c8cc7c6=O)cc5)c4C#N)c3C#N)c2C#N)cc1,0.0008859742899726874,0.0008859742899726874,0.0008859742899726874,-50,9.096910013008056,1
[H]c1ccc(Oc2cccc(Oc3cccc(Oc4cccc(Oc5ccc(-n6c(=O)c7cc8c(=O)n([H])c(=O)c8cc7c6=O)cc5)c4C#N)c3C#N)c2C#N)cc1,0.0006717988042186718,0.0006717988042186718,0.0006717988042186718,-50,9.795880017344075,1
[H]c1ccc(Oc2cccc(Oc3cccc(Oc4cccc(Oc5ccc(-n6c(=O)c7cc8c(=O)n([H])c(=O)c8cc7c6=O)cc5)c4C#N)c3C#N)c2C#N)cc1,0.0005093981149529524,0.0005093981149529524,0.0005093981149529524,-50,10.494850021680094,1
[H]c1ccc(Oc2cccc(Oc3cccc(Oc4cccc(Oc5ccc(-n6c(=O)c7cc8c(=O)n([H])c(=O)c8cc7c6=O)cc5)c4C#N)c3C#N)c2C#N)cc1,0.00038625617948699246,0.00038625617948699246,0.00038625617948699246,-50,11.193820026016112,1
[H]c1ccc(Oc2cccc(Oc3cccc(Oc4cccc(Oc5ccc(-n6c(=O)c7cc8c(=O)n([H])c(=O)c8cc7c6=O)cc5)c4C#N)c3C#N)c2C#N)cc1,0.0002928825839958307,0.0002928825839958307,0.0002928825839958307,-50,11.892790030352131,1
[H]c1ccc(Oc2cccc(Oc3cccc(Oc4cccc(Oc5ccc(-n6c(=O)c7cc8c(=O)n([H])c(=O)c8cc7c6=O)cc5)c4C#N)c3C#N)c2C#N)cc1,0.0029615946502726887,0.0029615946502726887,0.0029615946502726887,0,7.0,1
[H]c1ccc(Oc2cccc(Oc3cccc(Oc4cccc(Oc5ccc(-n6c(=O)c7cc8c(=O)n([H])c(=O)c8cc7c6=O)cc5)c4C#N)c3C#N)c2C#N)cc1,0.002168165936582863,0.002168165936582863,0.002168165936582863,0,7.698970004336019,1
[H]c1ccc(Oc2cccc(Oc3cccc(Oc4cccc(Oc5ccc(-n6c(=O)c7cc8c(=O)n([H])c(=O)c8cc7c6=O)cc5)c4C#N)c3C#N)c2C#N)cc1,0.0015873013965574645,0.0015873013965574645,0.0015873013965574645,0,8.397940008672037,1
[H]c1ccc(Oc2cccc(Oc3cccc(Oc4cccc(Oc5ccc(-n6c(=O)c7cc8c(=O)n([H])c(=O)c8cc7c6=O)cc5)c4C#N)c3C#N)c2C#N)cc1,0.0011620539088449927,0.0011620539088449927,0.0011620539088449927,0,9.096910013008056,1
[H]c1ccc(Oc2cccc(Oc3cccc(Oc4cccc(Oc5ccc(-n6c(=O)c7cc8c(=O)n([H])c(=O)c8cc7c6=O)cc5)c4C#N)c3C#N)c2C#N)cc1,0.0008507327516027883,0.0008507327516027883,0.0008507327516027883,0,9.795880017344075,1
[H]c1ccc(Oc2cccc(Oc3cccc(Oc4cccc(Oc5ccc(-n6c(=O)c7cc8c(=O)n([H])c(=O)c8cc7c6=O)cc5)c4C#N)c3C#N)c2C#N)cc1,0.0006228163847558271,0.0006228163847558271,0.0006228163847558271,0,10.494850021680094,1
[H]c1ccc(Oc2cccc(Oc3cccc(Oc4cccc(Oc5ccc(-n6c(=O)c7cc8c(=O)n([H])c(=O)c8cc7c6=O)cc5)c4C#N)c3C#N)c2C#N)cc1,0.0004559601688809548,0.0004559601688809548,0.0004559601688809548,0,11.193820026016112,1
[H]c1ccc(Oc2cccc(Oc3cccc(Oc4cccc(Oc5ccc(-n6c(=O)c7cc8c(=O)n([H])c(=O)c8cc7c6=O)cc5)c4C#N)c3C#N)c2C#N)cc1,0.0003338057262006139,0.0003338057262006139,0.0003338057262006139,0,11.892790030352131,1
[H]c1ccc(Oc2cccc(Oc3cccc(Oc4cccc(Oc5ccc(-n6c(=O)c7cc8c(=O)n([H])c(=O)c8cc7c6=O)cc5)c4C#N)c3C#N)c2C#N)cc1,0.005428316743127816,0.005428316743127816,0.005428316743127816,50,7.0,1
[H]c1ccc(Oc2cccc(Oc3cccc(Oc4cccc(Oc5ccc(-n6c(=O)c7cc8c(=O)n([H])c(=O)c8cc7c6=O)cc5)c4C#N)c3C#N)c2C#N)cc1,0.003861260941811382,0.003861260941811382,0.003861260941811382,50,7.698970004336019,1
[H]c1ccc(Oc2cccc(Oc3cccc(Oc4cccc(Oc5ccc(-n6c(=O)c7cc8c(=O)n([H])c(=O)c8cc7c6=O)cc5)c4C#N)c3C#N)c2C#N)cc1,0.002746585345385506,0.002746585345385506,0.002746585345385506,50,8.397940008672037,1
[H]c1ccc(Oc2cccc(Oc3cccc(Oc4cccc(Oc5ccc(-n6c(=O)c7cc8c(=O)n([H])c(=O)c8cc7c6=O)cc5)c4C#N)c3C#N)c2C#N)cc1,0.0019536962375150883,0.0019536962375150883,0.0019536962375150883,50,9.096910013008056,1
[H]c1ccc(Oc2cccc(Oc3cccc(Oc4cccc(Oc5ccc(-n6c(=O)c7cc8c(=O)n([H])c(=O)c8cc7c6=O)cc5)c4C#N)c3C#N)c2C#N)cc1,0.001389699754369833,0.001389699754369833,0.001389699754369833,50,9.795880017344075,1
[H]c1ccc(Oc2cccc(Oc3cccc(Oc4cccc(Oc5ccc(-n6c(=O)c7cc8c(=O)n([H])c(=O)c8cc7c6=O)cc5)c4C#N)c3C#N)c2C#N)cc1,0.0009885187724358669,0.0009885187724358669,0.0009885187724358669,50,10.494850021680094,1
[H]c1ccc(Oc2cccc(Oc3cccc(Oc4cccc(Oc5ccc(-n6c(=O)c7cc8c(=O)n([H])c(=O)c8cc7c6=O)cc5)c4C#N)c3C#N)c2C#N)cc1,0.0007031514255485448,0.0007031514255485448,0.0007031514255485448,50,11.193820026016112,1
[H]c1ccc(Oc2cccc(Oc3cccc(Oc4cccc(Oc5ccc(-n6c(=O)c7cc8c(=O)n([H])c(=O)c8cc7c6=O)cc5)c4C#N)c3C#N)c2C#N)cc1,0.0005001644288693283,0.0005001644288693283,0.0005001644288693283,50,11.892790030352131,1
[H]c1ccc(Oc2cccc(Oc3cccc(Oc4cccc(Oc5ccc(-n6c(=O)c7cc8c(=O)n([H])c(=O)c8cc7c6=O)cc5)c4C#N)c3C#N)c2C#N)cc1,0.012820453173821635,0.012820453173821635,0.012820453173821635,100,7.0,1
[H]c1ccc(Oc2cccc(Oc3cccc(Oc4cccc(Oc5ccc(-n6c(=O)c7cc8c(=O)n([H])c(=O)c8cc7c6=O)cc5)c4C#N)c3C#N)c2C#N)cc1,0.00915237491310111,0.00915237491310111,0.00915237491310111,100,7.698970004336019,1
[H]c1ccc(Oc2cccc(Oc3cccc(Oc4cccc(Oc5ccc(-n6c(=O)c7cc8c(=O)n([H])c(=O)c8cc7c6=O)cc5)c4C#N)c3C#N)c2C#N)cc1,0.006533775307642556,0.006533775307642556,0.006533775307642556,100,8.397940008672037,1
[H]c1ccc(Oc2cccc(Oc3cccc(Oc4cccc(Oc5ccc(-n6c(=O)c7cc8c(=O)n([H])c(=O)c8cc7c6=O)cc5)c4C#N)c3C#N)c2C#N)cc1,0.004664387063160309,0.004664387063160309,0.004664387063160309,100,9.096910013008056,1
[H]c1ccc(Oc2cccc(Oc3cccc(Oc4cccc(Oc5ccc(-n6c(=O)c7cc8c(=O)n([H])c(=O)c8cc7c6=O)cc5)c4C#N)c3C#N)c2C#N)cc1,0.0033298522808745488,0.0033298522808745488,0.0033298522808745488,100,9.795880017344075,1
[H]c1ccc(Oc2cccc(Oc3cccc(Oc4cccc(Oc5ccc(-n6c(=O)c7cc8c(=O)n([H])c(=O)c8cc7c6=O)cc5)c4C#N)c3C#N)c2C#N)cc1,0.0023771432464267206,0.0023771432464267206,0.0023771432464267206,100,10.494850021680094,1
[H]c1ccc(Oc2cccc(Oc3cccc(Oc4cccc(Oc5ccc(-n6c(=O)c7cc8c(=O)n([H])c(=O)c8cc7c6=O)cc5)c4C#N)c3C#N)c2C#N)cc1,0.001697015223714994,0.001697015223714994,0.001697015223714994,100,11.193820026016112,1
[H]c1ccc(Oc2cccc(Oc3cccc(Oc4cccc(Oc5ccc(-n6c(=O)c7cc8c(=O)n([H])c(=O)c8cc7c6=O)cc5)c4C#N)c3C#N)c2C#N)cc1,0.0012114796505349541,0.0012114796505349541,0.0012114796505349541,100,11.892790030352131,1
[H]c1ccc(Oc2cccc(Oc3cccc(Oc4cccc(Oc5ccc(-n6c(=O)c7cc8c(=O)n([H])c(=O)c8cc7c6=O)cc5)c4C#N)c3C#N)c2C#N)cc1,0.022733393853624183,0.022733393853624183,0.022733393853624183,150,7.0,1
[H]c1ccc(Oc2cccc(Oc3cccc(Oc4cccc(Oc5ccc(-n6c(=O)c7cc8c(=O)n([H])c(=O)c8cc7c6=O)cc5)c4C#N)c3C#N)c2C#N)cc1,0.013868027829689033,0.013868027829689033,0.013868027829689033,150,7.698970004336019,1
[H]c1ccc(Oc2cccc(Oc3cccc(Oc4cccc(Oc5ccc(-n6c(=O)c7cc8c(=O)n([H])c(=O)c8cc7c6=O)cc5)c4C#N)c3C#N)c2C#N)cc1,0.00841678202759968,0.00841678202759968,0.00841678202759968,150,8.397940008672037,1
[H]c1ccc(Oc2cccc(Oc3cccc(Oc4cccc(Oc5ccc(-n6c(=O)c7cc8c(=O)n([H])c(=O)c8cc7c6=O)cc5)c4C#N)c3C#N)c2C#N)cc1,0.005092811868974052,0.005092811868974052,0.005092811868974052,150,9.096910013008056,1
[H]c1ccc(Oc2cccc(Oc3cccc(Oc4cccc(Oc5ccc(-n6c(=O)c7cc8c(=O)n([H])c(=O)c8cc7c6=O)cc5)c4C#N)c3C#N)c2C#N)cc1,0.003075997835100196,0.003075997835100196,0.003075997835100196,150,9.795880017344075,1
[H]c1ccc(Oc2cccc(Oc3cccc(Oc4cccc(Oc5ccc(-n6c(=O)c7cc8c(=O)n([H])c(=O)c8cc7c6=O)cc5)c4C#N)c3C#N)c2C#N)cc1,0.0018558819144930902,0.0018558819144930902,0.0018558819144930902,150,10.494850021680094,1
[H]c1ccc(Oc2cccc(Oc3cccc(Oc4cccc(Oc5ccc(-n6c(=O)c7cc8c(=O)n([H])c(=O)c8cc7c6=O)cc5)c4C#N)c3C#N)c2C#N)cc1,0.001119025227192011,0.001119025227192011,0.001119025227192011,150,11.193820026016112,1
[H]c1ccc(Oc2cccc(Oc3cccc(Oc4cccc(Oc5ccc(-n6c(=O)c7cc8c(=O)n([H])c(=O)c8cc7c6=O)cc5)c4C#N)c3C#N)c2C#N)cc1,0.0006744764649174222,0.0006744764649174222,0.0006744764649174222,150,11.892790030352131,1
[H]c1ccc(Oc2cccc(Oc3cccc(N4C(=O)c5ccc(Oc6ccc7c(c6)C(=O)N([H])C7=O)cc5C4=O)c3)c2C#N)cc1,0.001542846348513772,0.001542846348513772,0.001542846348513772,25,7.0,1
[H]c1ccc(Oc2cccc(Oc3cccc(N4C(=O)c5ccc(Oc6ccc7c(c6)C(=O)N([H])C7=O)cc5C4=O)c3)c2C#N)cc1,0.0011442731292921305,0.0011442731292921305,0.0011442731292921305,25,7.698970004336019,1
[H]c1ccc(Oc2cccc(Oc3cccc(N4C(=O)c5ccc(Oc6ccc7c(c6)C(=O)N([H])C7=O)cc5C4=O)c3)c2C#N)cc1,0.0008486657919638219,0.0008486657919638219,0.0008486657919638219,25,8.397940008672037,1
[H]c1ccc(Oc2cccc(Oc3cccc(N4C(=O)c5ccc(Oc6ccc7c(c6)C(=O)N([H])C7=O)cc5C4=O)c3)c2C#N)cc1,0.0006294245662434933,0.0006294245662434933,0.0006294245662434933,25,9.096910013008056,1
[H]c1ccc(Oc2cccc(Oc3cccc(N4C(=O)c5ccc(Oc6ccc7c(c6)C(=O)N([H])C7=O)cc5C4=O)c3)c2C#N)cc1,0.00046682131814463593,0.00046682131814463593,0.00046682131814463593,25,9.795880017344075,1
[H]c1ccc(Oc2cccc(Oc3cccc(N4C(=O)c5ccc(Oc6ccc7c(c6)C(=O)N([H])C7=O)cc5C4=O)c3)c2C#N)cc1,0.00034622440028589656,0.00034622440028589656,0.00034622440028589656,25,10.494850021680094,1
[H]c1ccc(Oc2cccc(Oc3cccc(N4C(=O)c5ccc(Oc6ccc7c(c6)C(=O)N([H])C7=O)cc5C4=O)c3)c2C#N)cc1,0.00025678205061112916,0.00025678205061112916,0.00025678205061112916,25,11.193820026016112,1
[H]c1ccc(Oc2cccc(Oc3cccc(N4C(=O)c5ccc(Oc6ccc7c(c6)C(=O)N([H])C7=O)cc5C4=O)c3)c2C#N)cc1,0.0001904459115544169,0.0001904459115544169,0.0001904459115544169,25,11.892790030352131,1
[H]c1ccc(Oc2cccc(Oc3cccc(N4C(=O)c5ccc(C(c6ccc7c(c6)C(=O)N([H])C7=O)(C(F)(F)F)C(F)(F)F)cc5C4=O)c3)c2C#N)cc1,0.0021584459859978105,0.0021584459859978105,0.0021584459859978105,25,7.0,1
[H]c1ccc(Oc2cccc(Oc3cccc(N4C(=O)c5ccc(C(c6ccc7c(c6)C(=O)N([H])C7=O)(C(F)(F)F)C(F)(F)F)cc5C4=O)c3)c2C#N)cc1,0.001498795146685092,0.001498795146685092,0.001498795146685092,25,7.698970004336019,1
[H]c1ccc(Oc2cccc(Oc3cccc(N4C(=O)c5ccc(C(c6ccc7c(c6)C(=O)N([H])C7=O)(C(F)(F)F)C(F)(F)F)cc5C4=O)c3)c2C#N)cc1,0.0010406097169977995,0.0010406097169977995,0.0010406097169977995,25,8.397940008672037,1
[H]c1ccc(Oc2cccc(Oc3cccc(N4C(=O)c5ccc(C(c6ccc7c(c6)C(=O)N([H])C7=O)(C(F)(F)F)C(F)(F)F)cc5C4=O)c3)c2C#N)cc1,0.0007224544352524534,0.0007224544352524534,0.0007224544352524534,25,9.096910013008056,1
[H]c1ccc(Oc2cccc(Oc3cccc(N4C(=O)c5ccc(C(c6ccc7c(c6)C(=O)N([H])C7=O)(C(F)(F)F)C(F)(F)F)cc5C4=O)c3)c2C#N)cc1,0.0005015607028173178,0.0005015607028173178,0.0005015607028173178,25,9.795880017344075,1
[H]c1ccc(Oc2cccc(Oc3cccc(N4C(=O)c5ccc(C(c6ccc7c(c6)C(=O)N([H])C7=O)(C(F)(F)F)C(F)(F)F)cc5C4=O)c3)c2C#N)cc1,0.0003482030613325452,0.0003482030613325452,0.0003482030613325452,25,10.494850021680094,1
[H]c1ccc(Oc2cccc(Oc3cccc(N4C(=O)c5ccc(C(c6ccc7c(c6)C(=O)N([H])C7=O)(C(F)(F)F)C(F)(F)F)cc5C4=O)c3)c2C#N)cc1,0.00024173527355535545,0.00024173527355535545,0.00024173527355535545,25,11.193820026016112,1
[H]c1ccc(Oc2cccc(Oc3cccc(N4C(=O)c5ccc(C(c6ccc7c(c6)C(=O)N([H])C7=O)(C(F)(F)F)C(F)(F)F)cc5C4=O)c3)c2C#N)cc1,0.00016782118650256647,0.00016782118650256647,0.00016782118650256647,25,11.892790030352131,1
[H]c1ccc(C(C)(C)c2ccc(Oc3ccc4c(c3)C(=O)N(c3cccc(N5C(=O)c6ccc([H])cc6C5=O)c3)C4=O)cc2)cc1,0.0010191853011843428,0.0010191853011843428,0.0010191853011843428,200,7.0,1
[H]c1ccc(C(C)(C)c2ccc(Oc3ccc4c(c3)C(=O)N(c3cccc(N5C(=O)c6ccc([H])cc6C5=O)c3)C4=O)cc2)cc1,0.0007554748635349176,0.0007554748635349176,0.0007554748635349176,200,7.698970004336019,1
[H]c1ccc(C(C)(C)c2ccc(Oc3ccc4c(c3)C(=O)N(c3cccc(N5C(=O)c6ccc([H])cc6C5=O)c3)C4=O)cc2)cc1,0.0005599985265239529,0.0005599985265239529,0.0005599985265239529,200,8.397940008672037,1
[H]c1ccc(C(C)(C)c2ccc(Oc3ccc4c(c3)C(=O)N(c3cccc(N5C(=O)c6ccc([H])cc6C5=O)c3)C4=O)cc2)cc1,0.0004151009710174523,0.0004151009710174523,0.0004151009710174523,200,9.096910013008056,1
[H]c1ccc(C(C)(C)c2ccc(Oc3ccc4c(c3)C(=O)N(c3cccc(N5C(=O)c6ccc([H])cc6C5=O)c3)C4=O)cc2)cc1,0.00030769512409045625,0.00030769512409045625,0.00030769512409045625,200,9.795880017344075,1
[H]c1ccc(C(C)(C)c2ccc(Oc3ccc4c(c3)C(=O)N(c3cccc(N5C(=O)c6ccc([H])cc6C5=O)c3)C4=O)cc2)cc1,0.00022808014434088896,0.00022808014434088896,0.00022808014434088896,200,10.494850021680094,1
[H]c1ccc(C(C)(C)c2ccc(Oc3ccc4c(c3)C(=O)N(c3cccc(N5C(=O)c6ccc([H])cc6C5=O)c3)C4=O)cc2)cc1,0.00016906524728321976,0.00016906524728321976,0.00016906524728321976,200,11.193820026016112,1
[H]c1ccc(C(C)(C)c2ccc(Oc3ccc4c(c3)C(=O)N(c3cccc(N5C(=O)c6ccc([H])cc6C5=O)c3)C4=O)cc2)cc1,0.0001253202374169655,0.0001253202374169655,0.0001253202374169655,200,11.892790030352131,1
