pca1,pca2
-1184.3086874637092,-45.864182238375435
463.77996889725136,-77.70856328982134
526.3533134455998,-76.27229517527594
345.8239589487143,-104.6298527615855
-794.4986225686501,-129.96510097508718
-380.07206229798,-178.15174125749326
-67.37958932576313,-55.83416271872694
-1924.6788916239611,-57.93045070559104
-196.88829795673817,-100.15303387669236
-640.9269042542821,-22.664738616541406
-713.9791089249592,-56.374672331100875
-388.45715828673974,-45.79286184854023
410.2286724936228,-102.99904397686647
-1085.4699039351094,-4.614410024000708
-932.7739062609494,-67.37134776639724
130.1495266246449,-68.37715082677822
-287.38449828544077,-142.7889378330129
53.891625649106395,-96.98837439379277
-23.992860540163424,-23.195053141258303
2143.6495762772292,26.148612311258066
2221.864742103486,-3.727578033050572
275.9193721011194,-79.47147646272977
-462.45463637157013,-21.63348244622397
-18.31441380637006,-71.23979199860982
236.09174784465873,-70.30184118124885
-649.0829781086483,-31.123309290545507
-850.9319892693791,-93.84816519062797
-387.9146472567563,-36.60059190835358
-416.59433725352477,-42.372042457823134
221.82110419245637,-105.99028846623975
-503.6569027944011,-53.35411209558448
-6.1177109024440375,-72.6606581840591
-481.5350778676696,-136.9471979904025
-552.273464966872,30.73497935992797
-465.3676656730499,-88.5517795015983
-191.48418121291937,-21.14508679908457
-364.50637544478445,-59.0166177232077
165.54144491581206,-72.12057856230548
-858.4221305676405,-61.17836980008614
316.16065297759155,-100.17323188001622
-240.28361780492997,-1.88144361550095
622.5550187795073,32.96406485318759
-335.10656983650915,-54.432803010911236
-1001.4398972703084,-33.10240028091193
337.3499388066012,-77.8066848866153
-569.6612367156142,37.72379085991637
-270.9112940891106,-52.379956188432296
-593.4900590786222,-40.438689538544274
-323.593048841701,-47.814356048026234
-1029.2484272015326,-99.80411238766307
1206.089209520034,-19.290660223400828
-1438.0277677743134,50.04417032978689
841.797162549827,307.0056611663366
-443.2419874237259,-7.827303424618688
-440.45803281278654,-138.18022030113457
-1168.31126761521,-27.310793009736155
163.5460562608662,-107.8157687237205
1949.5778046891608,2.7600274482432328
1053.3481974267888,-17.241208968102516
-472.06955649473355,-34.71929550821382
-716.9765326844255,-104.49259674076578
-93.4470389513159,-61.64116028897353
-701.3920179535452,-64.54209799633588
-700.702039644114,-148.20760001471427
-100.62891820753545,-197.04888889033847
-573.3752764017981,-51.28396345033372
441.95965919578293,-31.27479908150417
-682.0951108397162,-112.26941766249384
818.410337967675,54.815840045672836
3584.252500868078,-67.11459576387458
1327.2276852448722,-21.932607585121765
-781.2497327368312,-38.7044107157988
-1495.3987653216743,66.40524515258694
-813.5979260970947,-35.89850903438613
-648.2314625490213,-55.26707972141829
195.61200862228185,-77.02300526186352
330.25982638733166,38.405598433953166
1999.3301167392174,-5.369991197536851
-930.867217825303,277.5776575361056
-1508.6770579034653,10.54566405980116
-1291.7633921364002,-19.81637612826417
-338.17490144922175,-85.43497568668009
944.6872249809835,-56.466181158448975
494.24795820133664,-67.95967876991037
-132.13250235496088,-86.94255717157105
-677.7848247535527,74.28972979187748
96.70247080009824,-70.80033866991158
1978.497458396857,-36.875489029947104
-28.62137475769312,32.04474313508887
317.2834202556195,-110.02184825723394
1523.2525308655374,16.164365855017166
-1601.0876780485323,-107.43548643962401
220.8113878145134,-97.6130785132218
-1403.6669872988018,105.25178983909983
4.781123968931694,-50.50427506712455
-720.1177378256326,-2.9629707153863225
-641.4679038056106,-44.55343222939244
-499.7932367456615,-74.83020515894003
935.927990922698,-107.5321449951753
-948.0359978459353,-25.7545306794391
-52.14574080893825,-86.74673877123455
-617.8266409783903,292.4207274153532
-1425.8282243130554,34.53430691308852
-286.63930004808867,-85.31504700461858
-671.857377479035,-51.7362132736982
312.2627571394137,129.64425695205978
-315.7806794511544,-36.38518487911592
457.8062693357158,-71.8867067600345
681.2092478500493,-80.35017895971933
-805.1400894355718,93.8266941193241
344.7551344995724,-112.84681354649244
-1537.8542759439079,-40.52859377503023
715.986785476395,-57.94284269704985
1017.4327003224545,-115.6683945788475
-422.7009552711011,-106.85954270564686
-1031.3798537407208,-67.43813459779781
3661.3841535315223,44.622180000817366
250.46284966960226,50.768806272165584
-381.36591335791644,-34.20713265026791
-68.9348658479242,-61.60096592199224
48.28071794602999,49.90385204284431
127.78045977082624,47.28058102012391
-1443.4707868372993,174.85693470706906
2287.4499212633486,39.14989181224957
1869.4063958821496,-67.27660562810712
-1015.6204754609475,10.088250152634844
-1064.0274373122074,216.44995629502014
15.198673403500644,-55.52516906283713
1076.4594566405774,84.06136541243252
-891.4881712744987,-28.922835171963282
17.898940644726665,146.07246563389094
460.25451068838856,105.49462939241728
1443.6945561871553,19.09383163684924
-237.68393296556758,-86.85025119788878
208.79981793082916,77.68154636513023
484.74679002801065,-59.40401633095299
-709.6768751069742,-7.645057743154525
-205.9360923652436,-58.31157276471675
1680.802457337889,-15.851708157713919
-744.9155448589313,-153.76270256716143
-119.17423468710673,22.910569505001014
-1494.3045562990587,-20.5514581767527
308.8824069071072,-99.18790217264288
89.14124956575505,-142.9036575651394
141.73177493405458,-102.14958268728361
-782.4101993196601,81.28783058663434
-18.82012089989919,-142.76044751717816
-152.16523964211487,-118.56538849289768
-143.60653204420143,2.9919228606735224
-626.3289938617311,-73.2395988045005
-1012.2425476776655,130.60850561237578
1068.3516590629588,198.9999500213773
-341.65975969828816,-20.41715754512813
82.38807452924952,-122.18693333029437
-387.6407379729028,-18.98294376823066
-1801.9582782379973,-23.14355737710638
-319.367921811275,-53.5070151646212
-415.4533414041515,-0.6415327611217401
4426.506810548754,-27.50311812649746
-726.6104036771031,62.35221433538995
932.8819331865891,-50.50848068591981
951.7446513397991,58.48772879980237
379.58770924980433,-96.11691010206133
-416.3414704532006,-48.90902790830156
3028.603242429057,23.994487774908585
870.1946186236552,106.25761100791706
2551.4622687311457,76.20443756215994
67.16471529686993,-79.6748103339788
354.2995384671244,-45.196385373059506
391.8835401645091,-124.09284691867256
-42.35632047169883,16.66259737336372
1311.8297007561293,24.955168782561778
459.6857224973561,92.85601574315955
-285.0243443228458,-10.845994189013958
306.9710806560209,-40.59801306296968
280.8016318144273,-139.10175565547766
-101.63763748283675,-112.57358825507308
-982.7869253198294,-16.610312492137183
598.781899028662,0.5797614136161904
-123.52364421002282,-134.1113897476355
184.7823910273618,120.29246108892733
3810.7188139895256,447.22728285211855
-705.9966871982136,-83.93944927877948
3449.287806767425,-93.84154649102194
-624.3458640946494,-12.176834067126062
-1487.8455045817757,-9.558926277070377
-415.1210239949984,18.225843254651725
1045.394474395981,-91.14856427901273
-451.53755034890565,-69.83193210522606
-920.0662544721255,3.99373164592572
-406.1120898141673,30.258906312650133
339.5747644619292,302.1250204420012
616.3603559431851,-39.611863120483754
325.9882598860045,-77.91979368045821
-1380.1319464747035,221.3062882885183
321.1167464121953,-22.582817672360957
-717.7849609200568,-5.83649736997834
-329.1079276570775,-68.9562358648952
-421.86703537140113,-32.77361151550977
-181.590747086985,13.180871064886444
-641.154217897761,7.584212104471323
-137.33415414405513,-56.293645915461475
33.13494721683805,85.54539868247949
153.78049683764846,45.26029152932376
-1457.989827347599,218.2336871494577
-17.07728993718248,-97.25520829106632
-681.6525354150455,-34.06710021418187
262.6889112365605,53.41075214285598
-1573.436043440483,65.36209573034881
-587.5957855941368,-64.51482043591723
1103.0348276191942,-31.270703388582408
1087.4194251146596,-43.81473714522054
3607.5905681071185,435.72947908365734
491.8037667042629,-94.60071651242941
1526.488058642478,-59.64789485334872
-1277.6157939335326,-66.30729280627223
-829.070809377212,-62.93941576411421
-1003.5174752893015,-70.72587349391772
1467.3992066912701,35.2899432797809
-868.0127864454741,-35.41793120701378
-184.5347351493229,-31.36646930422119
-1003.3135735492395,-38.19211254056124
113.64407349481871,24.886964680986797
403.23808326597026,-65.03036514999997
-858.7397309004541,-113.44337261384072
1196.7148753523704,-23.231155549175753
-39.16330490702611,5.635772190009923
4516.328054930546,1.9556910917637589
1460.3067670130538,-96.6145668443116
-218.9711801498376,-88.60937981190382
353.2059222109552,-107.08277000535298
515.795933957154,36.16658013141033
-332.46553574105354,7.645715859046567
189.3990699829737,-108.88544451690372
-82.39132753343179,19.22639831786976
449.4439042101984,-117.08639043746436
1277.2276669321236,-98.7690923512331
-1048.19323779952,-42.42411912398432
-1885.884466588016,-128.75949750756246
1081.660281549898,-106.75404306998799
-1292.192751760791,-57.467389611879355
295.82616698051555,-61.59308971507051
1050.8226659225516,-23.890069077352702
622.589659121205,-70.38665452154342
-250.75405613169005,-51.84650734700203
2210.523174238047,-54.53434126505304
-399.00820635171885,-22.168351264925843
-869.2562624256858,-9.209748346909798
1966.533100589016,-111.06735141063118
767.2101566533629,284.66994892621415
536.3550134889579,-40.807002793719214
128.76489289491488,-47.49397764951538
-441.6188306307558,-78.41089522928819
810.4520429281617,-124.19003683778207
-585.1791686781321,-54.297171939442585
-59.11061683831137,28.046165513665766
3508.9409484975863,409.5375094442698
57.063672418131965,-68.22922440122395
3816.826968987984,411.0354361281096
253.86925975699918,10.916456836574696
-235.32220092329334,11.25665304877336
-1845.4062869886181,198.85986844676702
-1743.2670326343243,33.594158220466696
1103.947878157332,87.98468119404549
-287.63020489897167,-45.37194552673251
-1579.8189044662515,65.89572008809299
-842.5395773467628,-40.30655522009415
411.4514039115593,-112.81504219682228
475.70002038383865,126.92370162067313
963.1967278228059,65.93094177498106
-198.87377340897038,-194.54250902611972
-501.078223531025,-138.5470724047113
-245.98464815111217,-125.49885572711291
-1118.3550858552317,-47.6928847155355
-440.42964855585416,-75.94206503342119
-380.77110756369854,-148.3056072998886
-156.87075965863352,-159.62911298488194
0.46082941590951293,-123.2698099306618
-393.9322918343107,-118.86975213531267
2002.8045933582634,126.95313585150092
22.892164288458506,161.22631131157985
-410.82882462061093,22.250678025140203
-411.2252613129061,-5.213518810072084
368.68275222830795,-19.31231946442227
-171.49090660895052,-8.506965136313509
-721.0986023473414,85.7824684941917
1812.7216656276905,78.15742963388557
2045.0238763659668,106.73959624336739
189.24024356635678,89.52641333388681
-674.1367068269149,130.16353514605612
394.60616230166636,40.99807625991898
-172.95410009672975,8.557936358933066
-715.1650058905356,146.79358753869892
-454.34330846044173,107.0360946248009
-388.72555820506824,48.74823126754473
-175.61086167098065,2.7348518437624674
320.9206566738286,69.19429071480774
1847.9491402790268,129.4058833541032
390.97493452810306,-14.828400063536051
883.2594108985743,31.299790042670946
389.01150866880135,-3.533711155688991
-299.41931758762433,61.057793116324234
153.0888798882318,1.6157369431776722
352.149506014322,-6.849801978811982
-236.94237916335155,48.486304981033555
522.1936141276864,-15.200134420887867
671.5366011672955,30.370612008099535
-657.2745220788091,97.89605710741944
-6.765662395739999,-51.09253094705116
-41.3049107963304,-5.070640617382779
-61.45093028671044,-47.99911202813228
-581.4614332449889,89.27184989936285
1932.2494815640464,82.54214918509508
-278.6011515363082,54.37844942666764
-819.3199025695328,65.86940411614167
-1362.7163625386968,161.05263070377487
-622.1957946964493,14.230207546926348
174.291727311977,-3.526235147077216
-384.12388129082467,-35.947476348547745
-893.7677397699388,103.0508879875325
-597.0235900628371,166.37734709272894
1587.4862435061098,95.79122993380606
-474.88772529127726,62.122336748272744
-408.63621156860194,5.37481878935732
-182.82615486468953,-44.14507504344618
-700.3891598335883,94.46505850432403
-423.78773592161133,158.62883619404906
298.7754831839497,18.78311875215223
-85.3471441598508,49.15934617149815
144.40190255348367,-8.356809901097034
1807.4279084984125,86.43805970686762
-736.7783696941278,2.710207074425994
-236.9150479719574,48.76119390899094
-215.7955304288703,43.25787923212483
-1428.4199354938717,78.60355543480533
-772.5409831600454,10.653083440689958
-668.7460237916873,87.79715467645758
-657.2090880563048,99.25953287060923
-648.7514386545888,92.76869452551495
-1362.6365448633233,163.53040572374832
-893.7023060242218,104.41436714472437
-700.3243483462057,95.82973319500091
-1203.0472838048552,233.92633113914215
-537.6704471192219,87.42732941286218
498.5701973236342,81.69723639226777
-328.7588352033905,53.81486463684515
-251.58213226605992,-5.776562535056554
437.1962044815182,8.590534573257374
1970.710715667379,77.61020802439944
-559.2134641817453,107.53640796385119
-493.1292130676641,49.12730932450168
-242.90052726139524,41.94307408745208
-246.91865194635253,-2.286080681377639
217.62423974169116,59.49438829997593
1691.982850412806,133.52964055153177
2808.7895181304816,116.03372822356222
2269.922668388647,126.88434941616292
4267.679486526832,213.18036656912764
-366.9768577685038,94.1403503423256
-290.3344294531496,36.38938647859094
-73.0836366227247,-12.288594044543531
399.1255160645804,51.56188105840211
633.9030517013101,130.6723891441767
1384.5728289273968,88.99033507863275
-462.1765138284223,90.71163691642656
312.1346783969067,50.29471291591508
87.99776080197867,-114.6903619838661
-701.7184812854742,-38.58227041344919
-18.01866787608907,-105.44149300109214
1607.9053534638917,-43.32135257879111
958.9916380139426,-112.25064106901846
577.2778179784764,-120.46364941926117
-176.2668397144648,-96.65040156723558
594.8259120701968,-147.76326686343498
742.7759020428657,-193.00327927871487
58.20965900641141,-160.48611624437638
50.98978761200095,-137.620226106611
332.1274611074443,-118.47299694950026
782.4256683364288,-94.87616604630878
389.9216425930737,-84.28144467324984
138.46388386797548,-32.006588873334934
649.9150451401182,-104.5791476158588
-108.10046122162854,-43.1500756447473
-496.7441766135793,8.654254419148424
-140.53330331408077,-64.59427585981184
-198.37426363075707,-61.39375448330944
155.74451566554433,-48.521995733603895
207.38032633527126,-88.34889111904984
332.8828885317621,-88.41926935732299
243.21330956037204,-116.72205058194547
-598.1978641961755,-25.48938706913217
-479.0737880968574,-80.02572882410095
-31.7312684138613,-114.10695597580263
-337.1460727690328,-73.85000429447477
-687.531400002544,-92.01646018958098
-380.43621763507997,-146.53948261487017
-342.70228825293805,-85.68600084768362
-507.8090125379498,82.11101701324586
456.39132441808266,-213.87056066972704
338.7527744479069,-183.38750346909734
-350.71231080577417,-150.81068754464198
276.10689907097185,-141.20014315195692
453.62901200627306,-101.8210400674882
-147.6337738743203,-11.045684891892272
-709.0264391711586,-19.915937577892883
-1275.5274285346068,-35.800948971465395
-1070.2869876133377,-50.05170754016613
-1434.557814400711,-16.1689324407975
245.02750440473207,-100.79720396226654
390.2724592901791,-32.281340186465386
186.95802952089224,-196.76907474763243
-1.6733318446078294,-151.0225251368232
702.630804724133,-105.78610895150312
268.51803682357934,-98.20013289215483
159.9352067587838,-19.75369101675984
-153.5131816778402,-46.683810029680174
-198.81884745989228,-46.800530111166964
-582.5629270695241,10.058771833960684
-188.37909229881944,-63.29622263451404
-246.21992694452265,-60.09789301571655
1214.254928576209,-137.95088049360072
120.74832212699854,-112.35591383028788
-335.00389017623814,55.23401301551639
-296.33045541368386,-104.03534455596186
1283.7799555791469,-0.29635244676769695
532.7022342745236,358.50215016486294
3.751230429740735,399.00279309992607
-753.7989627812095,6.834045795838593
-292.1342068668989,-55.035778149820786
325.5313419178166,-88.45811005496856
272.478175940597,-114.50960185031555
-172.85481786835769,-109.35069241053382
-116.09102159813457,-78.01620957683815
-244.08333162386313,-106.21098935534387
-715.3502456564438,-19.147245354334967
-618.4927396049807,-73.56362451247253
457.5776640569933,-104.7385489375999
388.9477730975339,-39.45124558901675
-312.16719111965614,-145.58954432263744
-287.48777748222477,-83.9091566845505
-200.90103191476072,-86.48985034821388
-511.8145360059832,-109.41081674925933
2827.0128028593626,57.87393756494621
-1319.401503312543,-19.44733588513796
-963.7984491814984,19.522866802997413
-858.3999794126643,-74.97108515452366
-673.8811126915633,-84.07446801217385
-507.31819667743235,-37.355366485172944
-1243.3012690881844,-28.848793242060733
-1062.458681755666,-38.13572821058071
-895.8545000820468,9.691517730215676
-1240.0242796587675,-7.179361671507564
-864.7234131319618,31.326116913136932
-322.7242185283553,297.4529900028265
-858.7895061189644,-38.619419739647235
-415.87810554276535,-152.02838533179053
-747.9719416975108,-153.66269796714656
-205.57354100248486,-165.03277818600452
-574.4561907044706,-90.49173845008578
118.91548791149334,-74.7764913178487
-648.844284842045,3.0530955587105337
28.158069835649748,-61.64872221366058
-686.3173417192877,-67.40076686177255
-344.5669984619329,-21.7435886296139
-552.6489850171098,-16.892639647686966
-666.9981785697411,-22.239187774995713
338.31220214138375,-290.20623171984454
435.0847141083805,-116.00665970913768
-360.3185647944677,-147.9516317953809
-49.97897109887569,-113.8039810920568
-108.56851084430508,-190.8111333845859
-9.51078766198629,-114.4108978634268
-413.1428741915751,-37.06467754095049
-238.33056095242137,-0.9935427545178306
156.20999579804902,-11.606999184818209
-1108.6849503556373,23.539354837242353
-44.649700431147345,-7.183199422527193
-681.0482079365645,90.87791532729831
-488.2137765828048,34.77978848487728
-204.32036478114495,3.887493595625344
-461.2411721194303,17.700079856236705
-81.79582950277177,-92.92346909723511
-122.49284003451355,-76.34325075385429
-342.09747820102734,-81.63674788822604
-556.7064054739125,-69.86596631284469
-947.3613027036532,-23.167327447608564
-6.829657684312863,-43.092944941308694
98.71461925352646,-64.13139158473071
-102.39034128691208,-55.40451636512658
-167.91146152750537,-52.12775869977006
3.6150171877272963,-93.77178034027953
-255.80283507463778,-82.55320429471155
-222.59351950120467,-75.1924861557031
-859.8276679210591,-24.149453127537786
20.50320709306663,-57.11287702269393
-185.38448733562078,-49.00594693723369
-250.90547917301555,-45.73159521096908
-475.44747818425174,-31.566542369970833
-870.581638335521,13.875416383891771
36.27729225420327,-58.829186519896695
-167.93642933960578,-49.777885445391256
-233.4573627469721,-46.50475082036467
-851.1220604271049,13.036913385383347
102.53483653907381,-93.66107848962457
131.39085545499086,-172.71982394168012
45.78712589033346,-140.53680169253497
-602.7932391855336,-105.99665261570057
-193.07902130915383,-85.12630717810178
-444.4997509805116,-80.00443001123541
-402.82050344324057,34.12867138178358
-82.1480563579365,-19.416089355714885
-149.95754904040044,-31.80211803040389
-238.64091832786207,0.4683162445199068
-255.75158219706242,-81.18214097910368
-507.20475404945813,-76.74702347831962
-897.4040042473716,-27.82087230453468
60.87281899917457,-51.306744923042366
180.59501304461565,9.441128072840119
-651.3197295311409,21.145601697956913
-118.26263310684368,-49.88411432714415
-543.1680402644782,-52.13935509186285
675.5243979343189,51.20704850760951
-487.98388155453347,44.646174466288564
-329.6931623904834,-12.535879133864734
-722.3099765755424,-24.50035701346441
-1035.3159490383969,26.9683493668736
-869.8383054349358,-7.271490862528325
-973.7936745084821,-9.201469760439132
-932.8860580668533,-3.391680377302994
-1657.6559356389284,65.55447207611113
-1184.7693486967494,1.6893525946974748
-1569.061890384085,46.92553693961359
-1232.480596041075,23.839162096699827
-709.9400104253648,-34.96040398709982
-1022.2772808460292,18.3414824461145
-963.38685691379,-18.73043390171565
-924.3847933863323,-13.205616856575059
-253.91072250802404,-88.2759993080332
-627.0371435693929,-35.77946189477187
-507.1794794447052,-77.05732016577873
-469.6422438978089,-69.84851601344741
-1184.8332007260915,0.694887941866927
-919.4796023351579,-54.33109159857388
-1103.7896545043247,-18.784437908731405
-322.7807109170617,-41.74001597332376
-769.7478609264919,-43.59400311437167
-1303.9422247980724,58.048736361223376
-471.7519402761542,-80.19036782696416
-716.7557858414878,-65.8799523234073
-675.6730058008429,-60.547763735252246
-1389.596053658413,9.6387062233954
-919.5199433566629,-55.5693423159193
-1304.9997681623486,-10.029443542660875
-647.5415540677438,-43.58966709630804
-1000.8011755470324,91.04394990894652
-897.3815746019668,-28.43712056312266
-859.7195325770019,-22.782440143260906
-1569.0615194315085,46.92486248114
-1103.725437970674,-17.79063501157501
-1304.8694842903815,-7.6753419493984385
-1491.6515856641267,27.950339916642797
-1829.6401049444607,92.20704296193414
-2299.2733317989873,96.91838228277469
-2999.7160999791004,279.3111830054531
-3652.691941089649,278.9541405997119
-2344.65479260289,321.6188325199232
-2773.097186166984,339.12221771515755
-1627.6871891678416,136.98867204171592
-2108.2807393117987,139.97001641046046
67.72161892486768,-60.33617790176043
-147.75583568857695,-52.884764829062235
-6.827755917750206,-43.09633093537902
-213.27705047570532,-49.60607332091498
-194.47537998898935,-40.9647521075726
-444.92554160031375,-36.582163720058865
-845.106787104074,10.282989311724773
125.29673807675896,-10.679835772927232
-505.58741264029476,-34.18445076493138
-617.3452618506852,-66.6468062186204
12.984775272062127,-64.86931786024707
130.0564743741986,-59.27569949456562
-197.98233791896214,-48.171004761200315
-323.11932809334957,-38.72365295022396
-391.5080460066127,-34.169631911918
-453.5416105503665,-29.60923346755072
-561.7459728596075,-18.505273341372256
-69.24581080785896,-59.59689199506636
-41.73822122390353,-54.89698376544979
-249.70660114872084,64.36766081706972
-242.18394983636273,-17.845981229558493
83.14308798986579,-53.80752027946389
432.6179096239481,-26.313525653565105
-104.71511511732186,-51.626478447475094
17.649732061949454,-9.266187742292644
-356.502142885837,-47.185081475033954
-564.8413096460911,-32.86466332491788
211.96903310045994,-22.10116381106479
328.9716135725638,37.85091127896804
-421.2218451964004,63.384108485390776
35.99320078186531,-19.765905291690355
-339.6613660387722,68.28531402706726
-174.94017542926653,19.469869346844654
188.84133619697084,6.341593616259142
-65.78338592632431,12.948835862780417
-89.95784411022005,17.779629898288057
-745.7973941107099,96.09800277272622
-227.6146435109888,22.543729066001085
-395.2148950734082,35.03488286040358
82.91208082879889,61.13992638465134
-589.175727175313,145.71603884336741
-185.60185075227594,-61.94172629005109
1142.7166221864504,-1.8394646240117127
-272.6655307003622,-65.05882403320909
-337.51491774077084,-62.16011852775435
-212.18553304436574,-56.66138710625432
-532.8017206632518,-46.32413478547566
-644.981002846479,-36.34314727221136
-707.7058925700485,-31.579124180749115
-764.5645656074181,-27.077942682247482
-863.596809356732,-16.064140412365955
-1120.8758453576181,-59.66262522518628
-352.17215129305623,-52.529356800353824
-532.5120279660539,-53.07057687535328
4252.508119657619,193.42828273333734
4457.5230323007445,181.41929246304733
4380.799312512035,178.14562118642857
4495.607932625458,219.44295843161186
4105.423613864689,213.12755349951001
4679.462083822537,150.8240435385806
4496.04647898767,167.75562943841012
4421.975546633457,164.16451001113745
140.04892313338698,-92.53636315144345
-86.96282913666619,-84.03236963069148
610.0053967260914,-103.72654970401585
349.4956657315803,-91.77369918014932
381.7734356498751,-84.33354019040735
-87.19345572498244,-88.7526344850799
-305.9028247685023,-80.2726653599499
158.77315795657208,-39.58759092223575
-93.67401820121738,-24.49945884242933
-53.589175640276665,-18.681191282171067
171.17084318714186,-47.28554165193508
-83.19193212259695,-30.991940429724345
-44.99177388718131,-25.45884371274076
626.6004523915765,-100.70332885990027
372.1944705803934,-89.4952834714399
408.8134792911323,-82.15312863186871
407.6207878027903,-92.6126189903873
161.68637805648464,-78.23965545703605
201.97856874909556,-73.5824482546669
231.782984285172,-58.542881573699084
-19.031631151987188,-43.59414488066522
17.860071306415293,-37.931566733026045
444.1377239788865,-21.281646735073533
244.4124299899464,-7.201851996157314
-147.12439375501464,39.107041415139506
353.68551944737067,116.1294453786437
-233.82542613931037,-7.552174082074827
1.945538838211755,112.67420795027265
720.7837332660554,92.53467765066019
-337.21005125268533,203.64017582789066
700.2734734736803,90.28395526743236
1383.694351610652,185.18735805057938
90.04461522179814,-56.40221586323693
449.8656349365283,-100.84520422429304
-896.6693966574218,59.89939372413476
5413.306927493343,269.1515116918734
5819.378267380979,218.9331385332087
-761.6449298856916,18.465314949532882
53.443818632027835,-72.38766153251055
-813.3115028543308,27.521290809284576
5363.124129105023,271.8852704167641
5772.607789551604,221.94032627412383
-1409.0712164435413,82.6274037599272
5546.543417305131,262.3466825029585
5945.971409333945,212.9034368885568
3102.983466019763,112.08173732928185
3236.092610702407,111.82267181635062
152.89609188854035,264.380621643393
-336.4706736144312,-5.470907363317672
-213.81765251511223,99.62384636160326
175.11876420045442,96.53362190494965
290.86377088008425,96.46459127605677
-528.1599328152596,116.13358921775382
-143.7161523460741,113.15591590396099
-572.8558526688148,144.80219269251614
9.214434233932513,130.4083315878937
-196.4859220084984,60.19932565653836
184.46895557736158,57.26146994486165
-888.3690124093831,124.05256817009524
-503.9379965976342,121.01254335891409
-773.9166493097903,123.8717958973312
-389.47280994602545,120.89400618494074
-635.2758167657657,75.17595519270625
-255.73248144722115,72.25374949364178
-435.76891059611745,66.74967385623934
-54.81399505725456,63.81174551311028
-232.0828094432922,56.96022206196435
150.68093781747783,54.00214509238183
-825.9449076811818,113.58006352683645
-446.3625566117667,110.59499411768603
-98.70329080367672,46.465424558739706
-9.324428190175814,245.95327500021085
-589.1251543156147,104.04920398514302
-434.50352947741203,136.09332630701846
-1446.076886476859,3.3818433451018506
-827.2146760903747,653.1711485452086
-807.1083346340863,2.543677960203029
-582.2062278306289,-53.11692945982182
1007.1546550231404,-9.59237868704708
504.36779703274345,-20.817119186884785
713.1374669057564,-60.29706594117837
823.995225829299,-26.50634110726009
-751.2044420344102,-5.517179572189891
-1430.9809234632808,68.85092573605613
-1170.463321852222,12.768519496143218
-600.9318015020064,24.05452314530106
-1079.8563858328012,28.2295626411533
-346.6525440859255,-15.319210707987564
262.2280561863585,-63.245601659324045
50.96174543446492,-42.723580537334506
-618.2655494968535,-50.23885901394455
-868.0004664382226,-35.357167876694966
-827.8224850448829,-30.472267527879985
-696.2778030429303,487.46986662904067
557.967801883224,61.61255809796085
-1116.1875609389735,190.68080544369332
-779.199940626686,124.2563950653534
-178.95644296239064,-105.31125591594439
-927.3658027156598,140.50892620443983
719.3762014581412,53.28112583543245
-249.04667462699294,44.209725048638056
-919.6395322579615,180.99924429502298
436.2296255378679,313.5174804610217
402.4215627178425,81.19772660191849
289.1253415094818,94.6393841630713
409.6969879230429,83.55414572153414
404.86350047085756,54.53153158123088
-355.3197525446041,-77.03635309189707
-1113.8107016187548,-84.59442724340254
-48.82245772899454,-103.8190688181087
2047.7032934091667,-34.76421285339478
844.3625180307358,-34.60531179902426
-308.02141146768514,-84.80484128928612
-548.1172717781598,-171.7349205474375
-1772.72510616854,7.2662717788400215
-797.3411248067773,-194.24198368557518
-894.9357174626122,-197.95967360125863
-657.0538196905113,-165.90217410871708
-443.31461113339304,-175.78157339543404
-239.2707462947224,-174.80292844171692
-289.95900356604295,-130.0621389769694
-88.38669468179997,-128.5602472007737
367.9718152006008,-112.90112386515175
-1665.5072926093965,107.6772422536937
-1331.438096714516,71.42085742471896
-6.795444845675084,8.709605265581539
2242.2309191564195,68.83945002626476
-118.35396358096489,-163.76544680759085
909.098829853161,-5.445416289207773
91.06849913872088,-151.46628029613376
146.47504990417931,-177.78868572142665
-248.10819739873645,-136.31840533245682
78.2595372755905,-180.46159631082972
-190.20790839729435,-137.5769886687735
-236.60410752502167,-134.1294799104572
-248.736112089806,-120.86241900226935
-144.5432572420972,-78.96607965826806
245.6870132295357,-126.82311995909282
-398.5902474250365,-77.19083683057576
-152.52152285151513,-186.03282200820126
698.9205465949383,-255.84561011452308
706.1592651509719,44.881801225494954
-765.7057459753178,22.330684561558996
470.9620817992075,-50.694725572291546
174.55511619079252,-60.44719791980099
321.67412627975267,-167.06265465663165
787.8805799872831,6.381131395693579
432.9030928563198,3.894273940615704
53.88699670399036,-99.6538764426105
385.8120489802784,-77.64014151851086
367.35980918992345,-81.00100143042265
544.0425247785754,50.22090407899985
236.66771211201598,-19.887372926264224
-1391.280383788604,-107.63923212527783
-989.6952600550644,-158.2285310085964
-1348.8061075887829,-105.98612833477235
-1326.1937438594384,-103.79932118196324
-1262.564146651208,-92.3124662393095
-450.06716760371256,-216.481489989246
28.414169419654375,-76.34398933648106
49.11933197515209,-143.99612784563024
24.11361876217992,-70.60979239413203
558.2143526193055,-78.88548437690343
158.36928385606828,-26.856005068040595
-152.8160909204967,-71.34575590334259
447.88095664842274,-144.67151661314355
199.058373733355,-145.81831238535986
39.71017860644993,32.9107189489085
76.557405313639,-67.21206585779588
-18.44138095144116,-67.1594504530674
-518.6167932249243,-218.57426302716814
-570.6552550912127,-211.1970195269668
-282.24651220751747,-132.11698074065126
-326.55559180550347,-74.12592603620183
-551.8876539416468,-133.42308100545455
-635.4445086999085,47.796804788669384
-735.8302573812758,-72.33769726466808
-655.2665541125423,-77.80183333981874
-405.5944302204722,-57.00749801341823
-526.1796457491517,-47.20254433574184
465.092296954853,-59.303174025595595
378.6851291926947,-133.31227954547887
689.2178594513882,-95.39865591330157
663.1142359877854,-40.45393950147129
-369.9894196516012,-13.263479489925617
-279.7214279213609,-240.92472648332426
-512.2909182856603,-102.58822517701063
-213.09501469149646,-17.476592740048485
-620.2415296446652,-56.25404110117859
-328.2467452906031,63.2463103712363
-343.53525799551943,64.69641386756868
-476.6253153685171,-231.8610767701514
52.41223013739336,-198.98599424623245
-142.8289987294571,-196.7256640618537
-300.442102539158,-249.2393165532045
-523.5297501449694,-99.22307453350365
-233.71258750566494,-11.816755625618358
-649.3378921071419,-51.01250471559332
-825.8278535038401,-28.583267882244787
-472.3143528737357,-5.2831638060730794
-597.2520902723097,-96.37605843799886
-317.51808838843095,-6.128569774200733
-549.6867218006794,-60.929889262819344
-660.903934964015,-93.06827581863462
-391.6044278966874,-0.49525930203777674
-1193.7780507546474,-13.173862359106112
-613.9657533718503,2.86888539549803
-716.3662318266935,-89.99512903063028
-457.4883421672133,5.443951265794605
-765.049431116117,-87.13406826134226
-516.4578180135254,10.360390690803234
-973.9177830364538,-28.645122273866704
-1486.456472285325,0.5360503161188171
-729.6309833870015,9.770900632765096
-772.9387856252673,289.10605421260607
-808.066945820656,-84.4667479243357
-569.4768564924906,14.96539664921823
-75.52234629434673,213.55315831729555
-780.3435724669766,-46.722685166785475
-1724.704212661945,12.670366519162476
-825.6155706449913,16.269432771970806
-296.98027492755534,-68.67630579657902
-1922.3654712804007,23.243520964489356
-2088.9560726478776,32.54207841653479
-551.9965512865941,-177.54183769732649
-465.8466701422491,-177.2729537211495
-611.2872319985751,42.406686670907874
-965.3579954604152,66.2670034406983
-828.2736145373843,48.02038680988189
-738.7566560217097,28.465029595891345
-913.0020052554771,95.70537812045289
-135.76749541354678,-74.16737000644562
-494.83575550302714,-170.33931704633358
795.7305387197542,-13.091948339483256
599.7420020060538,-23.858232874071586
-66.61378921401577,-79.96959281697147
10.900640280171748,-86.50009695299951
101.30311180534954,-102.57279403240024
197.8919653553621,4.6232079392089025
-198.43939258699925,21.980180284087172
-69.21229973501633,10.119670038493659
-5.147842049396183,-4.039939615729914
-187.97399276810293,59.611291367443556
905.506378046499,-30.36871158210961
738.7668085050009,-43.26274719814912
32.457082788526755,-98.91069560852094
-887.1001134520372,-153.42261697678876
244.33892269125735,-114.97789099305783
1033.7316321833669,-39.301365174064365
888.426493212932,-53.12116475595532
-82.00488305232281,-54.22288284937939
673.8151165225554,-121.925834344363
363.3363979641947,-68.19592499923019
369.27151256744145,-66.21880644355076
78.64191123532855,-7.690533469692929
-369.94785909463036,10.777944058036875
-216.95916584277012,-1.8228935235211223
-133.3437746729551,-11.14786633981718
-346.55864524298806,45.31783163966962
-2095.9226361412057,62.14839524465157
-38.286186375161904,-190.46328295070012
-519.8031088619335,462.4308999200579
-795.4143858036186,447.32872236223204
190.5258650939493,-39.84736531366914
-875.0146895500109,-5.684409568455031
-1360.210873356371,12.139859475888642
-1187.534961382274,0.37226562575547567
-1084.1893142741194,-7.901084247418793
-1307.7671159459198,44.488255758240264
-404.45821877181675,37.35617254495504
311.4444404760362,-48.80910818471034
568.1945836325922,-62.872889001284705
-1845.7872797592115,31.623027230713177
-1667.4244557885447,-18.51183158026049
-5856.172092264961,131.21043974571018
933.1502615384196,-3.7647705521749355
3532.078560760103,-15.873038431808535
-1506.9017052155868,30.634184641171675
-1337.1390261657177,65.53173742481431
-47.41105128390473,17.629583506296132
237.7216278511903,-54.014619736470515
147.96811245424607,-46.805180937062545
170.50855787915592,-50.485328146236625
434.61025087569,-62.7873838210504
738.8745625306124,-25.491510184698186
1342.0795181486822,-12.002550898627671
519.6617761773472,-31.618244177902124
493.179355503147,20.611187267110445
1494.1895165333906,-26.993388425678173
719.4326643823246,63.7702528074975
-163.5764364027125,-3.296101874828328
-3696.3640338844625,56.03280288307614
4471.5251469034165,-27.474211375099056
4634.916588142363,8.135377636744753
5391.733454544294,-67.74065602448056
5473.7275845758595,-43.708038455001045
21.37922121449759,16.63778722950085
-98.88035484522118,-1.066164028952251
-524.5238999736316,-73.64291930712702
582.1583183724683,-141.10710034848813
802.385068957474,-114.52369960723102
964.3002176926669,-14.438106919427304
-147.166276394633,2.916295670421898
-51.643004756736694,88.42025537535655
152.36990730695553,-157.5375322920591
-2717.925938554827,108.08425406767736
-2778.146313012283,46.32305514174733
-2559.379419357125,81.97781181406899
-2868.9917872788064,87.11611578391172
-2740.293227212071,78.26116930329147
-1249.8370025523157,18.920486467618744
-1068.9994049964446,-61.8957270470257
-735.4927133281886,-94.27316782086238
171.75177288756856,-14.041658772991346
944.0544762091962,-39.00479021680397
1452.1095251970883,27.394114312690842
1673.908414187664,53.27632900428379
2384.3776700000394,62.540045240200975
-218.23627064404775,2.2473936429678876
939.1152903681838,3.685034459692148
-198.52029197026667,-184.28905049320193
306.1008272760282,23.69738987985944
-332.581449515045,-18.231347876414624
-292.3096222400889,51.013775735983586
14.431256807183159,89.77126084051179
661.9411185391028,110.7233479904299
-221.491533749462,80.2104704748095
108.01372114629162,-40.744113959159634
-2669.77624501366,172.54940484647128
-3220.6872481653304,179.64124197357134
-1802.0824137232446,154.72580079391017
-5812.441338133591,147.76771374069602
-1338.9067491838523,242.59261889960104
277.7383550085456,50.834803671796955
1047.7624493611934,-0.019196145187661297
-398.9005642353724,107.61724431744314
-1386.832953709137,-13.251027022217869
-861.2677726091382,9.425870175678197
-3229.5788596162165,-10.915332387843025
-167.54343915272227,-41.54488376841735
345.802067142093,-19.46567625800485
-1447.2873372155707,-65.6669046945812
-1389.7558785054232,-2.7690656162772527
-2440.641915085144,76.89298968814708
-1597.4596590336937,58.61513923815852
-1269.8823948340787,112.86287667571
-2433.600559075087,127.43175331563647
-1636.499923483761,-28.354310651904104
-1092.578156555688,69.4337602068497
-4203.529646381371,35.68102416272769
251.15810653151686,-136.12558497565428
617.0953471789592,-111.1884807768367
-2737.1493844816873,2.130597224099625
-214.8559501866368,-145.43224980033094
1586.347070564404,64.69624602335011
1703.8936777466465,-26.842362788993302
1917.127588653673,-95.82087822470615
2875.498461025017,-47.16641319427091
2675.099558302457,-32.694692375064555
596.3293075269439,-18.853898579990325
377.2202032265707,-4.458780268092755
-178.8934191757842,54.9384547049653
2059.274366112056,82.39094610616738
2140.555596023424,-6.92098895640204
-324.0576833157527,-7.689975546044423
3702.996434136079,62.38181590473899
353.8730469401366,-84.6855154907323
258.94383139829296,-16.57762389052967
30.36425998126634,-1.9346946725626029
-538.8454725534956,56.90892766034475
-2068.8934764959763,12.279340587870188
-2310.373881302983,26.787028667826867
577.5512785922632,-64.60266162066891
1369.0409912256014,5.410450507891235
931.3418878179621,-39.405458193483824
2656.4128332191844,0.15862369208753332
238.66045870281144,-28.656005490571523
1154.9496011693084,119.45628638026163
699.2159436000893,69.29076609882439
870.5883837367454,94.84694715296348
5287.914232117589,24.36447325287642
2201.126216719439,90.648530927932
2174.6339388548226,26.52475287494689
4593.624045303171,16.269682060931615
2241.426028746801,44.172585513888556
2357.625610705642,-2.875364348195155
2243.576156460666,3.790578578106894
1604.1176220709508,35.46904136425304
2185.67229647434,3.6057328862767575
2755.136864499372,39.57537583990155
370.04252002022986,64.40827786969432
-432.86216685085714,52.46935836566141
2106.4619861183305,41.32891496224617
-330.96806658098865,69.9629279245014
-632.6421586755162,39.910825132155985
-1008.1237408211533,61.46739874328596
-569.1724166552486,25.53488071923788
235.18420504872986,65.00601411889546
-330.641969217654,15.074777589595438
5164.447525220379,-27.288160565856067
5327.471138822324,9.11713007590164
6088.511654361056,-69.27818985136949
6125.036477283554,-43.76969684557078
597.657185149271,-91.39568017130554
886.0983034161975,-64.15111098818679
858.7608058441392,-15.122410456325609
3339.018393654355,-26.747657546034887
923.2825016004504,2.3204156354819414
830.4190174040613,-28.573052254796544
832.035109953361,-28.46230957670573
697.0396349665767,-48.68905594648059
745.7550869759408,-74.45381327559276
856.8387193148425,-15.474678152362516
1068.5201015409943,-49.23988266082403
1125.9355419417523,-139.00293382100205
1894.284580606807,-139.6140047693125
1819.141707729529,-8.9968454469382
1699.046703608813,-152.99711608193337
2633.4112102283384,-0.015351023656878062
1381.4789588547071,24.912681637143944
-3286.9853399529698,221.74266004463456
-3905.135840161299,85.65955129098455
-6097.682565932463,246.94486674771449
-4749.180100842431,289.59443477471973
-5828.049705196347,302.31280807351095
-5323.212876834849,140.37542138414724
-3833.0156501056545,308.3259773250516
-5678.889571781794,241.88160945329327
-2342.510511284224,33.815077989273234
-197.59591199776187,63.696673535751515
1233.6269441592979,60.472270512019406
845.4594162540411,-115.78270607475716
1076.4869089182744,-117.58332609159704
2260.2663149323475,46.63444234469357
-285.0315804593787,-64.34501339767297
1249.3133440115428,57.309902100025354
2109.456884388674,-108.71465579211628
823.9788769238378,-56.59175703777496
1045.6273550386418,-16.448079183660987
-1824.1919158124858,110.24259284942212
453.4352682031174,171.62780320637233
-466.98656114156427,-193.83971579494127
-152.25695723499913,-121.82116700040997
-790.786538563683,3.114881833936082
-506.6556192263883,-40.327628160788024
-178.5291816031458,-45.49278136886637
-457.0012671304606,-59.99537651746913
-188.25166157901333,-13.527704101539278
2380.8941900804693,-89.21922323662972
673.5679992972249,-90.85538258381823
125.8455903650239,-59.81432842357886
372.25565601893845,-115.41907713849348
-239.94007178349293,-42.322260424869825
225.58746509104773,16.651920066412366
-346.44498632915014,26.87538580951718
199.97646579251415,-107.86954448953803
-175.3898119685174,-36.42420473353295
798.9625536076893,-32.632719020708244
807.4902434218881,-40.00375094097121
292.90982945790205,-116.64002446234564
1636.7163417012925,413.0933266147465
517.9674737421288,-23.699763897066926
-126.58063571994714,-11.081658660634767
298.7980955359816,-50.59217292298677
826.0190479070037,-1.7736351561205543
646.7819885579294,0.26555090238415197
435.36870767515376,5.136770794061348
608.901742464794,-3.3674552102631456
44.55083931950721,54.37706248783733
70.03914407140151,71.56769238562472
711.841894091052,-14.13989742793599
600.3022365137069,32.50406839660867
748.918489782336,50.59362924654869
934.6306185020647,41.30973421163437
-15.955923584518501,-37.02294916867091
56.827882508477195,-37.886095122863
-1307.6162878935013,128.03925136977978
-845.3123420536183,69.93848342619867
-390.7305989716918,10.36668513333974
51.88147519515567,-54.210323755518274
-833.6058141612161,63.79463602573531
-390.2518079841481,1.8594548437091414
45.45985388960682,-55.651656806407196
967.9048564827466,-236.17639337682138
841.3149152065231,-201.46576961807088
719.1749536793722,-167.91986530364395
50.90061563609207,-131.40341728322463
-12.423502773062987,-134.41803850458683
118.42764703148397,-152.91176362221887
641.3529247973587,-126.39076871497404
456.6670924443043,-111.94036671678396
272.4012718387969,-91.3691305592001
630.8418570529832,-115.85527300713247
830.1269028563698,-66.89140041947319
376.3978694491561,-63.359306211877865
-123.09863872631557,-26.435921786939165
3601.6126437303897,-96.29373937693775
633.4125387476648,-28.19602510389956
626.0022251602268,-35.39045906212511
954.8406977337465,-94.13464009856187
16.928030830924083,58.64977123381236
69.57738031207228,-165.9385012613963
723.2315526085612,3.8599144723186694
2135.461286538055,-3.746132050734627
-391.2316570645664,-8.95914464187932
1603.7947949838704,23.257785930351126
-159.85626830883058,-55.368639496583185
396.98269216496055,20.67201367384394
-121.33060110999968,44.880163839492596
-104.09665801068213,28.24234202774997
2116.8299430711886,71.75548945901026
151.75881430014493,-51.520127935325924
-9.977902987434224,13.830638298412552
1045.3655602554254,-0.2948057740793766
866.0631570337687,0.3804903418053157
654.6499655059516,5.251532446797451
827.9363718466113,-3.251035452786557
264.00336226806763,54.49083692102421
286.5834942773302,71.7151229962508
965.1062240083154,50.680943028129796
589.8033553348549,-23.487578184945068
840.2606013525931,15.521094700058761
1591.9926226804691,24.685404667872806
6365.76352490778,-16.47949254209575
-190.03092145768164,-135.01357035148823
-746.1426854723045,-29.932589945119346
-584.1728670505674,3.0775862902663667
-555.2848972189735,6.542691810685288
-1029.806523275401,-64.99913734083101
-26.58327065697187,69.5113170161674
-795.9100730445244,10.170985928655961
-901.4470309520062,16.822512088449066
-874.5297310585106,15.879642555555158
-1064.4658274070218,-21.334648304258373
-923.6589165830062,13.319213557112828
-729.6195225087963,3.7805335962173072
-1110.3976604983757,828.4827979784899
-776.0330636664128,73.47373978690763
-891.9790911844004,80.16040604750776
-858.3567720175237,79.09894885013505
-54.740324685269776,-78.50414422889816
1522.8558222861154,-35.78517888167388
-446.32175985665776,-75.07339222620675
1118.870798998198,136.1785139957297
528.5712154963643,-6.424116676477224
217.73869182203094,-44.832195572873005
652.5862350792456,-6.7159317952065205
808.4572926655505,0.9464200903749348
-1428.4807482463384,150.31778524853198
-707.7898061659703,23.70250636867209
-541.8930766922387,91.19731175640398
226.19630082099164,-35.025199738853395
-1.5010381588693624,-20.416725501974163
-869.18138969441,-8.104146628872485
-703.545707361128,32.44092967120107
-560.4141397092585,-23.6148654873985
-375.4336602166633,165.80093896615782
-187.18664838706835,62.248711094021296
-688.1850811909187,23.75392403747062
-743.3399026507553,73.23233239647084
-877.1083969988711,239.01243989461722
1116.9255673279392,169.05087044382867
-797.9884412053119,133.29465827535643
-436.6227891619121,130.51584195710106
-1387.6387706896355,113.02636778246853
-204.64390112420645,66.90461309477733
-1287.8258150627498,83.93150497691168
-1176.4136259757352,-5.544584933181259
-545.2893814553803,-101.51678355045361
-368.9267720229243,-64.83226625192434
-381.568134681447,-105.5788626971117
-389.6136971581957,-94.8204590419242
118.64301078741043,-36.45958232089955
-191.91350270730555,-32.907915059629595
1354.1005716917268,3.4308277611280973
457.07891660017253,23.069482512759667
640.3604568941805,40.0447526364031
83.74954334899968,51.03653452809342
526.403138063542,-22.787891320400696
-341.9646779947869,-74.46364640187669
-271.305790223863,-43.39693614166565
-233.06124084762055,3.030992636639655
-314.93066269256775,-14.067068303332794
-217.16746424472439,85.04429081468545
-375.15088802979426,-150.11668554780894
-294.3081816355095,-150.57903833077572
-350.53009492841,-161.9629305595639
-2274.088828435154,23.278942071444654
-2093.3403897157627,61.57558203958642
173.43492113167483,-24.38612964382362
-2145.720930090296,254.2704459556918
-2710.0904435251787,265.59369814129906
-996.9649364041127,305.29942714103026
-2058.838330858735,317.82547503260196
-142.86743534278213,89.75941493014025
-102.22838009231874,137.0558545606119
-978.1203808437026,159.16686591648744
-955.2549943403814,114.03187243233096
-1423.2494482570849,126.43890101469471
-200.9567843426264,98.44869246573757
-61.79600627880875,85.30150634174898
633.6122214165479,-28.948301354081828
3048.2281729786837,-73.098901740166
2605.802353887985,-8.58525768368631
3258.111805223545,-75.9580979775231
453.02300645003953,186.83721978846663
3164.7560217594632,184.40693500592764
3046.8990123202175,-8.326067427493133
3096.19854446961,-73.29707492216127
3260.8923209117174,-36.31070483064441
3447.1357720015526,-117.86624206644326
-44.163536041349936,-84.62943490308565
220.8724024261099,-139.90724496219224
522.4627188788216,-100.99454374387442
17.81098373240452,-127.32806031068174
-943.7048132470698,-23.660032114928658
-994.9182271870554,-63.778466296300444
-1636.4700741195802,17.26468674451252
-981.4457871517777,-56.69940539287436
-1211.737543104501,5.398777336946306
-468.3424394953244,-61.72653323493988
-285.6925047102365,-23.27052855853367
-708.4440858180288,-12.410638587978282
-1274.6188430079012,5.132487271094366
-1085.5806874911666,-5.6248861359824485
-967.066180855344,-12.589433596259058
-1244.6487308231528,36.57292886125083
1385.7980264769303,544.5171525685842
1351.464053244795,545.8075233069197
-290.3250145321687,435.2307081483941
-328.6994422941548,436.57243355689553
459.2501919948167,309.1360089916143
238.45379079270924,258.3398994690405
-413.1538898539157,324.94325494020114
-209.74424498187503,336.6036713391917
416.4748340492101,308.8139491235141
519.0859872206363,733.4690065553491
1970.6623861432283,678.524023235976
1931.632917949683,679.19687197003
-608.5759841423787,93.45572141837617
1161.4216224351972,317.7174610504133
1478.228945296562,386.1267305724973
1345.576002988741,335.6211820934874
-241.32441454795878,726.5915588662747
-195.79244061029772,783.63226824284
-583.61323183927,-49.44833968219983
-99.71039860577724,-151.22302630340553
15.700081288142622,-120.77972682271495
269.00964416613067,-157.95495287959034
5.812153184774122,-100.52640472214367
